net.imagej.ops.Ops.Create.ImgFactory,6,8,0,117
net.imagej.ops.Ops.Create.ImgFactory,2,8,0,116
net.imagej.ops.Ops.Create.ImgFactory,1,8,0,119
net.imagej.ops.Ops.Create.ImgFactory,3,8,0,118
net.imagej.ops.Ops.Create.ImgFactory,7,8,0,116
net.imagej.ops.Ops.Create.ImgFactory,4,8,0,125
net.imagej.ops.Ops.Create.ImgFactory,0,8,0,115
net.imagej.ops.Ops.Create.ImgFactory,5,8,0,123
create.img,6,8,0,562
create.img,2,8,0,530
create.img,1,8,0,593
create.img,3,8,0,553
create.img,7,8,0,630
create.img,4,8,0,607
create.img,0,8,0,586
create.img,5,8,0,600
read,5,8,0,5385
read,4,8,0,5404
read,1,8,0,5452
read,0,8,0,5397
read,7,8,0,5428
read,6,8,0,5473
read,3,8,0,5435
read,2,8,0,5459
net.imagej.ops.Ops.Create.Img,6,8,0,180
net.imagej.ops.Ops.Create.Img,7,8,0,211
net.imagej.ops.Ops.Create.Img,1,8,0,245
net.imagej.ops.Ops.Create.Img,5,8,0,339
net.imagej.ops.Ops.Create.Img,0,8,0,274
net.imagej.ops.Ops.Create.Img,3,8,0,232
net.imagej.ops.Ops.Create.Img,2,8,0,229
net.imagej.ops.Ops.Create.Img,4,8,0,330
com.mycompany.imagej.ops.parallel.ThreadedParallel,5,8,0,1028
com.mycompany.imagej.ops.parallel.ThreadedParallel,7,8,0,1077
com.mycompany.imagej.ops.parallel.ThreadedParallel,1,8,0,1162
com.mycompany.imagej.ops.parallel.ThreadedParallel,3,8,0,1185
com.mycompany.imagej.ops.parallel.ThreadedParallel,4,8,0,1232
com.mycompany.imagej.ops.parallel.ThreadedParallel,6,8,0,1375
com.mycompany.imagej.ops.parallel.ThreadedParallel,0,8,0,1326
com.mycompany.imagej.ops.parallel.ThreadedParallel,2,8,0,1428
barrier,3,8,0,134
barrier,1,8,0,219
barrier,7,8,0,437
barrier,0,8,0,46
barrier,4,8,0,74
barrier,5,8,0,453
barrier,2,8,0,22
barrier,6,8,0,70
gather,4,8,0,566
com.mycompany.imagej.ops.parallel.Parallel,4,8,0,2101
convolution,4,8,0,2103
net.imagej.ops.Ops.Filter.Convolve,4,8,0,2110
net.imagej.ops.Ops.Filter.Convolve,4,8,0,2120
total_op,4,8,0,2493
gather,2,8,0,711
gather,6,8,0,704
com.mycompany.imagej.ops.parallel.Parallel,2,8,0,2288
com.mycompany.imagej.ops.parallel.Parallel,6,8,0,2399
gather,5,8,0,760
convolution,2,8,0,2318
gather,1,8,0,840
convolution,6,8,0,2428
com.mycompany.imagej.ops.parallel.Parallel,5,8,0,2390
gather,0,8,0,835
net.imagej.ops.Ops.Filter.Convolve,2,8,0,2367
com.mycompany.imagej.ops.parallel.Parallel,1,8,0,2429
net.imagej.ops.Ops.Create.Img,4,8,1,250
gather,7,8,0,871
net.imagej.ops.Ops.Filter.Convolve,6,8,0,2490
convolution,5,8,0,2446
gather,3,8,0,934
com.mycompany.imagej.ops.parallel.Parallel,0,8,0,2447
net.imagej.ops.Ops.Filter.Convolve,2,8,0,2444
convolution,1,8,0,2497
com.mycompany.imagej.ops.parallel.Parallel,7,8,0,2548
net.imagej.ops.Ops.Filter.Convolve,6,8,0,2597
net.imagej.ops.Ops.Filter.Convolve,5,8,0,2550
com.mycompany.imagej.ops.parallel.Parallel,3,8,0,2527
convolution,0,8,0,2564
total_op,2,8,0,2836
net.imagej.ops.Ops.Filter.Convolve,1,8,0,2618
convolution,7,8,0,2647
total_op,6,8,0,2907
net.imagej.ops.Ops.Filter.Convolve,5,8,0,2656
convolution,3,8,0,2625
net.imagej.ops.Ops.Filter.Convolve,0,8,0,2662
net.imagej.ops.Ops.Filter.Convolve,1,8,0,2721
net.imagej.ops.Ops.Filter.Convolve,7,8,0,2745
total_op,5,8,0,3120
net.imagej.ops.Ops.Filter.Convolve,3,8,0,2723
net.imagej.ops.Ops.Filter.Convolve,0,8,0,2762
total_op,1,8,0,3076
net.imagej.ops.Ops.Filter.Convolve,7,8,0,2833
net.imagej.ops.Ops.Filter.Convolve,3,8,0,2798
total_op,0,8,0,3133
total_op,7,8,0,3143
total_op,3,8,0,3130
net.imagej.ops.Ops.Create.Img,2,8,1,319
net.imagej.ops.Ops.Create.Img,6,8,1,301
net.imagej.ops.Ops.Create.Img,5,8,1,264
net.imagej.ops.Ops.Create.Img,0,8,1,250
net.imagej.ops.Ops.Create.Img,1,8,1,309
net.imagej.ops.Ops.Create.Img,7,8,1,304
net.imagej.ops.Ops.Create.Img,3,8,1,353
com.mycompany.imagej.ops.parallel.ThreadedParallel,4,8,1,899
com.mycompany.imagej.ops.parallel.ThreadedParallel,2,8,1,936
com.mycompany.imagej.ops.parallel.ThreadedParallel,6,8,1,932
com.mycompany.imagej.ops.parallel.ThreadedParallel,7,8,1,778
com.mycompany.imagej.ops.parallel.ThreadedParallel,5,8,1,962
com.mycompany.imagej.ops.parallel.ThreadedParallel,1,8,1,890
com.mycompany.imagej.ops.parallel.ThreadedParallel,3,8,1,789
com.mycompany.imagej.ops.parallel.ThreadedParallel,0,8,1,917
barrier,0,8,1,0
barrier,2,8,1,179
barrier,1,8,1,29
barrier,5,8,1,44
barrier,4,8,1,739
barrier,7,8,1,133
barrier,3,8,1,15
barrier,6,8,1,160
gather,4,8,1,522
com.mycompany.imagej.ops.parallel.Parallel,4,8,1,2255
convolution,4,8,1,2256
net.imagej.ops.Ops.Filter.Convolve,4,8,1,2259
net.imagej.ops.Ops.Filter.Convolve,4,8,1,2264
total_op,4,8,1,2602
gather,6,8,1,693
com.mycompany.imagej.ops.parallel.Parallel,6,8,1,1917
convolution,6,8,1,1918
net.imagej.ops.Ops.Filter.Convolve,6,8,1,1922
net.imagej.ops.Ops.Filter.Convolve,6,8,1,1927
total_op,6,8,1,2252
gather,1,8,1,830
gather,5,8,1,816
com.mycompany.imagej.ops.parallel.Parallel,1,8,1,1860
com.mycompany.imagej.ops.parallel.Parallel,5,8,1,1957
gather,0,8,1,898
convolution,1,8,1,1888
convolution,5,8,1,1985
gather,3,8,1,837
gather,7,8,1,856
com.mycompany.imagej.ops.parallel.Parallel,0,8,1,1929
gather,2,8,1,921
net.imagej.ops.Ops.Filter.Convolve,1,8,1,1931
net.imagej.ops.Ops.Filter.Convolve,5,8,1,2029
net.imagej.ops.Ops.Create.Img,4,8,2,360
com.mycompany.imagej.ops.parallel.Parallel,3,8,1,1841
com.mycompany.imagej.ops.parallel.Parallel,7,8,1,1914
convolution,0,8,1,1998
com.mycompany.imagej.ops.parallel.Parallel,2,8,1,2147
net.imagej.ops.Ops.Filter.Convolve,1,8,1,2018
net.imagej.ops.Ops.Filter.Convolve,5,8,1,2116
convolution,3,8,1,1939
convolution,7,8,1,2012
net.imagej.ops.Ops.Filter.Convolve,0,8,1,2096
convolution,2,8,1,2241
total_op,1,8,1,2445
total_op,5,8,1,2498
net.imagej.ops.Ops.Filter.Convolve,3,8,1,2022
net.imagej.ops.Ops.Create.Img,6,8,2,344
net.imagej.ops.Ops.Filter.Convolve,7,8,1,2096
net.imagej.ops.Ops.Filter.Convolve,0,8,1,2181
net.imagej.ops.Ops.Filter.Convolve,2,8,1,2328
net.imagej.ops.Ops.Filter.Convolve,3,8,1,2110
net.imagej.ops.Ops.Filter.Convolve,7,8,1,2196
total_op,0,8,1,2553
net.imagej.ops.Ops.Filter.Convolve,2,8,1,2424
total_op,3,8,1,2552
total_op,7,8,1,2577
total_op,2,8,1,2817
net.imagej.ops.Ops.Create.Img,1,8,2,320
com.mycompany.imagej.ops.parallel.ThreadedParallel,4,8,2,509
net.imagej.ops.Ops.Create.Img,5,8,2,411
net.imagej.ops.Ops.Create.Img,7,8,2,311
net.imagej.ops.Ops.Create.Img,0,8,2,358
net.imagej.ops.Ops.Create.Img,3,8,2,392
net.imagej.ops.Ops.Create.Img,2,8,2,374
com.mycompany.imagej.ops.parallel.ThreadedParallel,6,8,2,511
com.mycompany.imagej.ops.parallel.ThreadedParallel,1,8,2,515
com.mycompany.imagej.ops.parallel.ThreadedParallel,7,8,2,531
com.mycompany.imagej.ops.parallel.ThreadedParallel,0,8,2,631
com.mycompany.imagej.ops.parallel.ThreadedParallel,3,8,2,596
com.mycompany.imagej.ops.parallel.ThreadedParallel,5,8,2,706
com.mycompany.imagej.ops.parallel.ThreadedParallel,2,8,2,637
barrier,2,8,2,0
barrier,6,8,2,650
barrier,5,8,2,42
barrier,3,8,2,56
barrier,1,8,2,361
barrier,4,8,2,853
barrier,0,8,2,78
barrier,7,8,2,194
gather,2,8,2,736
gather,6,8,2,767
gather,4,8,2,716
com.mycompany.imagej.ops.parallel.Parallel,2,8,2,1499
com.mycompany.imagej.ops.parallel.Parallel,6,8,2,2049
com.mycompany.imagej.ops.parallel.Parallel,4,8,2,2252
convolution,2,8,2,1539
convolution,6,8,2,2088
gather,1,8,2,840
gather,5,8,2,871
convolution,4,8,2,2290
net.imagej.ops.Ops.Filter.Convolve,2,8,2,1582
net.imagej.ops.Ops.Filter.Convolve,6,8,2,2131
com.mycompany.imagej.ops.parallel.Parallel,1,8,2,1846
com.mycompany.imagej.ops.parallel.Parallel,5,8,2,1746
gather,3,8,2,925
net.imagej.ops.Ops.Filter.Convolve,4,8,2,2363
gather,0,8,2,894
gather,7,8,2,880
net.imagej.ops.Ops.Filter.Convolve,2,8,2,1654
net.imagej.ops.Ops.Filter.Convolve,6,8,2,2202
convolution,1,8,2,1914
convolution,5,8,2,1815
com.mycompany.imagej.ops.parallel.Parallel,3,8,2,1721
net.imagej.ops.Ops.Filter.Convolve,4,8,2,2448
com.mycompany.imagej.ops.parallel.Parallel,0,8,2,1802
com.mycompany.imagej.ops.parallel.Parallel,7,8,2,1832
total_op,2,8,2,2172
total_op,6,8,2,2751
net.imagej.ops.Ops.Filter.Convolve,1,8,2,2029
net.imagej.ops.Ops.Filter.Convolve,5,8,2,1929
convolution,3,8,2,1831
total_op,4,8,2,3017
convolution,0,8,2,1916
convolution,7,8,2,1947
net.imagej.ops.Ops.Filter.Convolve,1,8,2,2146
net.imagej.ops.Ops.Filter.Convolve,5,8,2,2047
net.imagej.ops.Ops.Filter.Convolve,3,8,2,1949
net.imagej.ops.Ops.Filter.Convolve,0,8,2,2031
net.imagej.ops.Ops.Filter.Convolve,7,8,2,2060
total_op,1,8,2,2568
total_op,5,8,2,2567
net.imagej.ops.Ops.Filter.Convolve,3,8,2,2033
net.imagej.ops.Ops.Filter.Convolve,0,8,2,2103
net.imagej.ops.Ops.Filter.Convolve,7,8,2,2131
total_op,3,8,2,2518
total_op,0,8,2,2558
total_op,7,8,2,2535
net.imagej.ops.Ops.Create.Img,6,8,3,327
net.imagej.ops.Ops.Create.Img,2,8,3,380
net.imagej.ops.Ops.Create.Img,4,8,3,365
net.imagej.ops.Ops.Create.Img,1,8,3,345
net.imagej.ops.Ops.Create.Img,5,8,3,380
net.imagej.ops.Ops.Create.Img,3,8,3,333
net.imagej.ops.Ops.Create.Img,7,8,3,351
net.imagej.ops.Ops.Create.Img,0,8,3,385
com.mycompany.imagej.ops.parallel.ThreadedParallel,6,8,3,482
com.mycompany.imagej.ops.parallel.ThreadedParallel,2,8,3,545
com.mycompany.imagej.ops.parallel.ThreadedParallel,4,8,3,553
com.mycompany.imagej.ops.parallel.ThreadedParallel,1,8,3,505
com.mycompany.imagej.ops.parallel.ThreadedParallel,5,8,3,522
com.mycompany.imagej.ops.parallel.ThreadedParallel,0,8,3,491
com.mycompany.imagej.ops.parallel.ThreadedParallel,7,8,3,518
com.mycompany.imagej.ops.parallel.ThreadedParallel,3,8,3,704
barrier,3,8,3,0
barrier,2,8,3,362
barrier,6,8,3,465
barrier,0,8,3,149
barrier,1,8,3,260
barrier,7,8,3,134
barrier,5,8,3,196
barrier,4,8,3,304
gather,4,8,3,502
com.mycompany.imagej.ops.parallel.Parallel,4,8,3,1479
convolution,4,8,3,1480
net.imagej.ops.Ops.Filter.Convolve,4,8,3,1483
net.imagej.ops.Ops.Filter.Convolve,4,8,3,1487
total_op,4,8,3,1874
gather,6,8,3,704
com.mycompany.imagej.ops.parallel.Parallel,6,8,3,1722
convolution,6,8,3,1723
net.imagej.ops.Ops.Filter.Convolve,6,8,3,1727
net.imagej.ops.Ops.Filter.Convolve,6,8,3,1731
total_op,6,8,3,2080
gather,2,8,3,807
com.mycompany.imagej.ops.parallel.Parallel,2,8,3,1766
convolution,2,8,3,1767
net.imagej.ops.Ops.Filter.Convolve,2,8,3,1770
net.imagej.ops.Ops.Filter.Convolve,2,8,3,1774
total_op,2,8,3,2178
gather,1,8,3,808
gather,5,8,3,783
com.mycompany.imagej.ops.parallel.Parallel,1,8,3,1670
gather,0,8,3,843
com.mycompany.imagej.ops.parallel.Parallel,5,8,3,1635
convolution,1,8,3,1700
com.mycompany.imagej.ops.parallel.Parallel,0,8,3,1584
gather,7,8,3,858
gather,3,8,3,937
convolution,5,8,3,1676
net.imagej.ops.Ops.Create.Img,4,8,4,332
net.imagej.ops.Ops.Filter.Convolve,1,8,3,1741
convolution,0,8,3,1622
com.mycompany.imagej.ops.parallel.Parallel,7,8,3,1659
com.mycompany.imagej.ops.parallel.Parallel,3,8,3,1712
net.imagej.ops.Ops.Filter.Convolve,5,8,3,1743
net.imagej.ops.Ops.Filter.Convolve,1,8,3,1823
net.imagej.ops.Ops.Filter.Convolve,0,8,3,1704
convolution,7,8,3,1737
net.imagej.ops.Ops.Create.Img,6,8,4,301
convolution,3,8,3,1791
net.imagej.ops.Ops.Filter.Convolve,5,8,3,1824
total_op,1,8,3,2252
net.imagej.ops.Ops.Filter.Convolve,0,8,3,1771
net.imagej.ops.Ops.Filter.Convolve,7,8,3,1803
net.imagej.ops.Ops.Create.Img,2,8,4,274
net.imagej.ops.Ops.Filter.Convolve,3,8,3,1871
total_op,5,8,3,2302
total_op,0,8,3,2258
net.imagej.ops.Ops.Filter.Convolve,7,8,3,1887
net.imagej.ops.Ops.Filter.Convolve,3,8,3,1958
total_op,7,8,3,2328
total_op,3,8,3,2368
net.imagej.ops.Ops.Create.Img,1,8,4,286
com.mycompany.imagej.ops.parallel.ThreadedParallel,4,8,4,498
net.imagej.ops.Ops.Create.Img,5,8,4,289
net.imagej.ops.Ops.Create.Img,0,8,4,330
net.imagej.ops.Ops.Create.Img,7,8,4,312
net.imagej.ops.Ops.Create.Img,3,8,4,320
com.mycompany.imagej.ops.parallel.ThreadedParallel,6,8,4,507
com.mycompany.imagej.ops.parallel.ThreadedParallel,2,8,4,521
com.mycompany.imagej.ops.parallel.ThreadedParallel,1,8,4,552
com.mycompany.imagej.ops.parallel.ThreadedParallel,5,8,4,524
com.mycompany.imagej.ops.parallel.ThreadedParallel,0,8,4,501
com.mycompany.imagej.ops.parallel.ThreadedParallel,3,8,4,525
com.mycompany.imagej.ops.parallel.ThreadedParallel,7,8,4,581
barrier,7,8,4,0
barrier,5,8,4,132
barrier,6,8,4,577
barrier,0,8,4,112
barrier,3,8,4,36
barrier,2,8,4,481
barrier,4,8,4,700
barrier,1,8,4,188
gather,4,8,4,539
com.mycompany.imagej.ops.parallel.Parallel,4,8,4,1860
convolution,4,8,4,1861
net.imagej.ops.Ops.Filter.Convolve,4,8,4,1865
net.imagej.ops.Ops.Filter.Convolve,4,8,4,1870
total_op,4,8,4,2284
gather,6,8,4,763
gather,2,8,4,723
com.mycompany.imagej.ops.parallel.Parallel,6,8,4,1919
com.mycompany.imagej.ops.parallel.Parallel,2,8,4,1853
convolution,6,8,4,1947
convolution,2,8,4,1880
net.imagej.ops.Ops.Filter.Convolve,6,8,4,1977
net.imagej.ops.Ops.Filter.Convolve,2,8,4,1911
net.imagej.ops.Ops.Filter.Convolve,6,8,4,2009
net.imagej.ops.Ops.Filter.Convolve,2,8,4,1942
total_op,6,8,4,2417
gather,0,8,4,888
total_op,2,8,4,2344
gather,1,8,4,853
gather,5,8,4,947
com.mycompany.imagej.ops.parallel.Parallel,0,8,4,1605
com.mycompany.imagej.ops.parallel.Parallel,1,8,4,1755
com.mycompany.imagej.ops.parallel.Parallel,5,8,4,1687
gather,3,8,4,958
gather,7,8,4,1023
convolution,0,8,4,1657
convolution,1,8,4,1795
convolution,5,8,4,1731
com.mycompany.imagej.ops.parallel.Parallel,3,8,4,1649
com.mycompany.imagej.ops.parallel.Parallel,7,8,4,1685
net.imagej.ops.Ops.Filter.Convolve,0,8,4,1731
net.imagej.ops.Ops.Filter.Convolve,1,8,4,1870
net.imagej.ops.Ops.Filter.Convolve,5,8,4,1801
convolution,3,8,4,1716
convolution,7,8,4,1751
net.imagej.ops.Ops.Filter.Convolve,0,8,4,1802
net.imagej.ops.Ops.Filter.Convolve,1,8,4,1942
net.imagej.ops.Ops.Filter.Convolve,5,8,4,1872
net.imagej.ops.Ops.Filter.Convolve,3,8,4,1786
net.imagej.ops.Ops.Filter.Convolve,7,8,4,1820
total_op,0,8,4,2221
total_op,1,8,4,2315
total_op,5,8,4,2258
net.imagej.ops.Ops.Filter.Convolve,3,8,4,1858
net.imagej.ops.Ops.Filter.Convolve,7,8,4,1888
total_op,3,8,4,2271
total_op,7,8,4,2298
write,0,8,5,13408
net.imagej.ops.Ops.Create.ImgFactory,0,7,0,125
net.imagej.ops.Ops.Create.ImgFactory,3,7,0,120
net.imagej.ops.Ops.Create.ImgFactory,2,7,0,116
net.imagej.ops.Ops.Create.ImgFactory,5,7,0,121
net.imagej.ops.Ops.Create.ImgFactory,6,7,0,117
net.imagej.ops.Ops.Create.ImgFactory,1,7,0,117
net.imagej.ops.Ops.Create.ImgFactory,4,7,0,119
create.img,0,7,0,351
create.img,3,7,0,861
create.img,2,7,0,911
create.img,5,7,0,1021
create.img,6,7,0,989
create.img,1,7,0,1043
create.img,4,7,0,991
read,5,7,0,3402
read,0,7,0,3473
read,6,7,0,3435
read,3,7,0,3525
read,4,7,0,3472
read,1,7,0,3553
read,2,7,0,3624
net.imagej.ops.Ops.Create.Img,5,7,0,257
net.imagej.ops.Ops.Create.Img,6,7,0,270
net.imagej.ops.Ops.Create.Img,0,7,0,291
net.imagej.ops.Ops.Create.Img,3,7,0,300
net.imagej.ops.Ops.Create.Img,4,7,0,320
net.imagej.ops.Ops.Create.Img,1,7,0,271
net.imagej.ops.Ops.Create.Img,2,7,0,290
com.mycompany.imagej.ops.parallel.ThreadedParallel,5,7,0,1138
com.mycompany.imagej.ops.parallel.ThreadedParallel,0,7,0,1208
com.mycompany.imagej.ops.parallel.ThreadedParallel,6,7,0,1245
com.mycompany.imagej.ops.parallel.ThreadedParallel,1,7,0,1414
com.mycompany.imagej.ops.parallel.ThreadedParallel,2,7,0,1417
com.mycompany.imagej.ops.parallel.ThreadedParallel,3,7,0,1720
com.mycompany.imagej.ops.parallel.ThreadedParallel,4,7,0,1687
barrier,1,7,0,307
barrier,2,7,0,254
barrier,5,7,0,652
barrier,4,7,0,38
barrier,0,7,0,632
barrier,3,7,0,53
barrier,6,7,0,612
gather,2,7,0,675
gather,6,7,0,610
com.mycompany.imagej.ops.parallel.Parallel,2,7,0,2408
gather,0,7,0,653
com.mycompany.imagej.ops.parallel.Parallel,6,7,0,2605
convolution,2,7,0,2436
com.mycompany.imagej.ops.parallel.Parallel,0,7,0,2613
convolution,6,7,0,2645
net.imagej.ops.Ops.Filter.Convolve,2,7,0,2482
convolution,0,7,0,2654
net.imagej.ops.Ops.Filter.Convolve,6,7,0,2690
net.imagej.ops.Ops.Filter.Convolve,2,7,0,2530
net.imagej.ops.Ops.Filter.Convolve,0,7,0,2700
gather,1,7,0,828
net.imagej.ops.Ops.Filter.Convolve,6,7,0,2738
total_op,2,7,0,2891
gather,5,7,0,822
net.imagej.ops.Ops.Filter.Convolve,0,7,0,2755
com.mycompany.imagej.ops.parallel.Parallel,1,7,0,2635
gather,4,7,0,850
total_op,6,7,0,3094
com.mycompany.imagej.ops.parallel.Parallel,5,7,0,2863
total_op,0,7,0,3150
convolution,1,7,0,2700
com.mycompany.imagej.ops.parallel.Parallel,4,7,0,2726
convolution,5,7,0,2926
gather,3,7,0,914
net.imagej.ops.Ops.Filter.Convolve,1,7,0,2771
convolution,4,7,0,2792
net.imagej.ops.Ops.Filter.Convolve,5,7,0,2984
com.mycompany.imagej.ops.parallel.Parallel,3,7,0,2852
net.imagej.ops.Ops.Filter.Convolve,1,7,0,2833
net.imagej.ops.Ops.Filter.Convolve,4,7,0,2851
net.imagej.ops.Ops.Filter.Convolve,5,7,0,3046
convolution,3,7,0,2904
total_op,1,7,0,3182
net.imagej.ops.Ops.Filter.Convolve,4,7,0,2912
total_op,5,7,0,3384
net.imagej.ops.Ops.Filter.Convolve,3,7,0,2962
total_op,4,7,0,3312
net.imagej.ops.Ops.Filter.Convolve,3,7,0,3022
net.imagej.ops.Ops.Create.Img,2,7,1,300
total_op,3,7,0,3381
net.imagej.ops.Ops.Create.Img,6,7,1,282
net.imagej.ops.Ops.Create.Img,0,7,1,359
net.imagej.ops.Ops.Create.Img,1,7,1,331
net.imagej.ops.Ops.Create.Img,5,7,1,328
net.imagej.ops.Ops.Create.Img,3,7,1,306
net.imagej.ops.Ops.Create.Img,4,7,1,367
com.mycompany.imagej.ops.parallel.ThreadedParallel,2,7,1,910
com.mycompany.imagej.ops.parallel.ThreadedParallel,6,7,1,905
com.mycompany.imagej.ops.parallel.ThreadedParallel,0,7,1,954
com.mycompany.imagej.ops.parallel.ThreadedParallel,5,7,1,936
com.mycompany.imagej.ops.parallel.ThreadedParallel,1,7,1,1011
com.mycompany.imagej.ops.parallel.ThreadedParallel,3,7,1,1011
com.mycompany.imagej.ops.parallel.ThreadedParallel,4,7,1,1035
barrier,4,7,1,0
barrier,5,7,1,164
barrier,2,7,1,404
barrier,1,7,1,111
barrier,0,7,1,293
barrier,6,7,1,360
barrier,3,7,1,38
gather,4,7,1,634
com.mycompany.imagej.ops.parallel.Parallel,4,7,1,1704
convolution,4,7,1,1705
net.imagej.ops.Ops.Filter.Convolve,4,7,1,1709
net.imagej.ops.Ops.Filter.Convolve,4,7,1,1714
total_op,4,7,1,2108
gather,6,7,1,521
gather,2,7,1,699
com.mycompany.imagej.ops.parallel.Parallel,6,7,1,2027
com.mycompany.imagej.ops.parallel.Parallel,2,7,1,2174
convolution,6,7,1,2057
convolution,2,7,1,2204
gather,0,7,1,598
net.imagej.ops.Ops.Filter.Convolve,6,7,1,2090
net.imagej.ops.Ops.Filter.Convolve,2,7,1,2236
com.mycompany.imagej.ops.parallel.Parallel,0,7,1,2095
gather,3,7,1,616
net.imagej.ops.Ops.Filter.Convolve,6,7,1,2135
gather,5,7,1,842
net.imagej.ops.Ops.Filter.Convolve,2,7,1,2283
gather,1,7,1,815
convolution,0,7,1,2138
com.mycompany.imagej.ops.parallel.Parallel,3,7,1,1956
net.imagej.ops.Ops.Create.Img,4,7,2,238
total_op,6,7,1,2833
com.mycompany.imagej.ops.parallel.Parallel,5,7,1,2264
total_op,2,7,1,2924
com.mycompany.imagej.ops.parallel.Parallel,1,7,1,2315
net.imagej.ops.Ops.Filter.Convolve,0,7,1,2453
convolution,3,7,1,2267
convolution,5,7,1,2357
convolution,1,7,1,2406
net.imagej.ops.Ops.Filter.Convolve,0,7,1,2549
net.imagej.ops.Ops.Filter.Convolve,3,7,1,2362
net.imagej.ops.Ops.Filter.Convolve,5,7,1,2425
net.imagej.ops.Ops.Filter.Convolve,1,7,1,2462
total_op,0,7,1,3003
net.imagej.ops.Ops.Filter.Convolve,3,7,1,2418
net.imagej.ops.Ops.Filter.Convolve,5,7,1,2481
net.imagej.ops.Ops.Filter.Convolve,1,7,1,2519
total_op,3,7,1,2802
total_op,5,7,1,2888
total_op,1,7,1,2929
net.imagej.ops.Ops.Create.Img,6,7,2,267
net.imagej.ops.Ops.Create.Img,2,7,2,282
net.imagej.ops.Ops.Create.Img,0,7,2,207
net.imagej.ops.Ops.Create.Img,3,7,2,315
net.imagej.ops.Ops.Create.Img,5,7,2,315
net.imagej.ops.Ops.Create.Img,1,7,2,341
com.mycompany.imagej.ops.parallel.ThreadedParallel,4,7,2,716
com.mycompany.imagej.ops.parallel.ThreadedParallel,6,7,2,607
com.mycompany.imagej.ops.parallel.ThreadedParallel,2,7,2,589
com.mycompany.imagej.ops.parallel.ThreadedParallel,0,7,2,618
com.mycompany.imagej.ops.parallel.ThreadedParallel,5,7,2,546
com.mycompany.imagej.ops.parallel.ThreadedParallel,1,7,2,566
com.mycompany.imagej.ops.parallel.ThreadedParallel,3,7,2,611
barrier,3,7,2,0
barrier,1,7,2,15
barrier,2,7,2,425
barrier,4,7,2,595
barrier,5,7,2,51
barrier,6,7,2,446
barrier,0,7,2,346
gather,4,7,2,615
gather,0,7,2,609
com.mycompany.imagej.ops.parallel.Parallel,4,7,2,2082
com.mycompany.imagej.ops.parallel.Parallel,0,7,2,1702
gather,6,7,2,664
convolution,4,7,2,2107
gather,2,7,2,710
convolution,0,7,2,1727
com.mycompany.imagej.ops.parallel.Parallel,6,7,2,1833
net.imagej.ops.Ops.Filter.Convolve,4,7,2,2151
com.mycompany.imagej.ops.parallel.Parallel,2,7,2,1821
net.imagej.ops.Ops.Filter.Convolve,0,7,2,1781
convolution,6,7,2,1887
net.imagej.ops.Ops.Filter.Convolve,4,7,2,2207
convolution,2,7,2,1874
net.imagej.ops.Ops.Filter.Convolve,0,7,2,1839
gather,3,7,2,859
gather,5,7,2,808
net.imagej.ops.Ops.Filter.Convolve,6,7,2,1943
gather,1,7,2,851
total_op,4,7,2,2817
net.imagej.ops.Ops.Filter.Convolve,2,7,2,1930
total_op,0,7,2,2122
com.mycompany.imagej.ops.parallel.Parallel,3,7,2,1677
com.mycompany.imagej.ops.parallel.Parallel,5,7,2,1674
net.imagej.ops.Ops.Filter.Convolve,6,7,2,2150
com.mycompany.imagej.ops.parallel.Parallel,1,7,2,1686
net.imagej.ops.Ops.Filter.Convolve,2,7,2,2151
convolution,3,7,2,1769
convolution,5,7,2,1768
total_op,6,7,2,2532
convolution,1,7,2,1780
total_op,2,7,2,2531
net.imagej.ops.Ops.Filter.Convolve,3,7,2,1839
net.imagej.ops.Ops.Filter.Convolve,5,7,2,1842
net.imagej.ops.Ops.Filter.Convolve,1,7,2,1854
net.imagej.ops.Ops.Filter.Convolve,3,7,2,1912
net.imagej.ops.Ops.Filter.Convolve,5,7,2,1910
net.imagej.ops.Ops.Filter.Convolve,1,7,2,1910
total_op,3,7,2,2471
total_op,5,7,2,2468
total_op,1,7,2,2467
net.imagej.ops.Ops.Create.Img,0,7,3,294
net.imagej.ops.Ops.Create.Img,4,7,3,337
net.imagej.ops.Ops.Create.Img,6,7,3,255
net.imagej.ops.Ops.Create.Img,2,7,3,322
net.imagej.ops.Ops.Create.Img,3,7,3,327
net.imagej.ops.Ops.Create.Img,5,7,3,326
net.imagej.ops.Ops.Create.Img,1,7,3,359
com.mycompany.imagej.ops.parallel.ThreadedParallel,0,7,3,592
com.mycompany.imagej.ops.parallel.ThreadedParallel,4,7,3,616
com.mycompany.imagej.ops.parallel.ThreadedParallel,6,7,3,643
com.mycompany.imagej.ops.parallel.ThreadedParallel,2,7,3,599
com.mycompany.imagej.ops.parallel.ThreadedParallel,3,7,3,609
com.mycompany.imagej.ops.parallel.ThreadedParallel,5,7,3,614
com.mycompany.imagej.ops.parallel.ThreadedParallel,1,7,3,628
barrier,4,7,3,592
barrier,2,7,3,468
barrier,6,7,3,517
barrier,5,7,3,58
barrier,3,7,3,76
barrier,0,7,3,668
barrier,1,7,3,27
gather,4,7,3,574
com.mycompany.imagej.ops.parallel.Parallel,4,7,3,1920
convolution,4,7,3,1921
net.imagej.ops.Ops.Filter.Convolve,4,7,3,1926
net.imagej.ops.Ops.Filter.Convolve,4,7,3,1932
total_op,4,7,3,2295
gather,6,7,3,661
gather,2,7,3,684
com.mycompany.imagej.ops.parallel.Parallel,6,7,3,1896
com.mycompany.imagej.ops.parallel.Parallel,2,7,3,1817
convolution,6,7,3,1924
gather,0,7,3,685
convolution,2,7,3,1854
net.imagej.ops.Ops.Filter.Convolve,6,7,3,1963
com.mycompany.imagej.ops.parallel.Parallel,0,7,3,2048
net.imagej.ops.Ops.Filter.Convolve,2,7,3,1897
net.imagej.ops.Ops.Filter.Convolve,6,7,3,2005
convolution,0,7,3,2087
net.imagej.ops.Ops.Filter.Convolve,2,7,3,1939
total_op,6,7,3,2321
net.imagej.ops.Ops.Filter.Convolve,0,7,3,2130
total_op,2,7,3,2321
gather,3,7,3,845
net.imagej.ops.Ops.Filter.Convolve,0,7,3,2173
gather,5,7,3,863
gather,1,7,3,826
com.mycompany.imagej.ops.parallel.Parallel,3,7,3,1621
total_op,0,7,3,2529
com.mycompany.imagej.ops.parallel.Parallel,5,7,3,1635
com.mycompany.imagej.ops.parallel.Parallel,1,7,3,1633
convolution,3,7,3,1678
convolution,5,7,3,1690
convolution,1,7,3,1688
net.imagej.ops.Ops.Filter.Convolve,3,7,3,1735
net.imagej.ops.Ops.Filter.Convolve,5,7,3,1733
net.imagej.ops.Ops.Create.Img,4,7,4,368
net.imagej.ops.Ops.Filter.Convolve,1,7,3,1732
net.imagej.ops.Ops.Filter.Convolve,3,7,3,1780
net.imagej.ops.Ops.Filter.Convolve,5,7,3,1779
net.imagej.ops.Ops.Filter.Convolve,1,7,3,1791
total_op,3,7,3,2490
total_op,5,7,3,2491
total_op,1,7,3,2491
net.imagej.ops.Ops.Create.Img,6,7,4,320
net.imagej.ops.Ops.Create.Img,2,7,4,374
net.imagej.ops.Ops.Create.Img,0,7,4,328
net.imagej.ops.Ops.Create.Img,5,7,4,206
net.imagej.ops.Ops.Create.Img,3,7,4,312
net.imagej.ops.Ops.Create.Img,1,7,4,302
com.mycompany.imagej.ops.parallel.ThreadedParallel,4,7,4,607
com.mycompany.imagej.ops.parallel.ThreadedParallel,6,7,4,622
com.mycompany.imagej.ops.parallel.ThreadedParallel,2,7,4,593
com.mycompany.imagej.ops.parallel.ThreadedParallel,0,7,4,688
com.mycompany.imagej.ops.parallel.ThreadedParallel,5,7,4,649
com.mycompany.imagej.ops.parallel.ThreadedParallel,3,7,4,592
com.mycompany.imagej.ops.parallel.ThreadedParallel,1,7,4,623
barrier,1,7,4,0
barrier,2,7,4,247
barrier,0,7,4,115
barrier,6,7,4,299
barrier,3,7,4,50
barrier,4,7,4,433
barrier,5,7,4,83
gather,4,7,4,536
com.mycompany.imagej.ops.parallel.Parallel,4,7,4,1676
convolution,4,7,4,1677
net.imagej.ops.Ops.Filter.Convolve,4,7,4,1681
net.imagej.ops.Ops.Filter.Convolve,4,7,4,1686
total_op,4,7,4,2116
gather,2,7,4,681
gather,0,7,4,683
com.mycompany.imagej.ops.parallel.Parallel,2,7,4,1570
com.mycompany.imagej.ops.parallel.Parallel,0,7,4,1542
convolution,2,7,4,1594
convolution,0,7,4,1565
gather,6,7,4,712
net.imagej.ops.Ops.Filter.Convolve,2,7,4,1620
net.imagej.ops.Ops.Filter.Convolve,0,7,4,1592
com.mycompany.imagej.ops.parallel.Parallel,6,7,4,1725
net.imagej.ops.Ops.Filter.Convolve,2,7,4,1665
net.imagej.ops.Ops.Filter.Convolve,0,7,4,1637
convolution,6,7,4,1765
gather,3,7,4,777
total_op,2,7,4,2102
gather,1,7,4,840
total_op,0,7,4,2030
gather,5,7,4,768
net.imagej.ops.Ops.Filter.Convolve,6,7,4,1807
com.mycompany.imagej.ops.parallel.Parallel,3,7,4,1537
com.mycompany.imagej.ops.parallel.Parallel,1,7,4,1547
com.mycompany.imagej.ops.parallel.Parallel,5,7,4,1681
net.imagej.ops.Ops.Filter.Convolve,6,7,4,1891
convolution,3,7,4,1616
convolution,1,7,4,1613
convolution,5,7,4,1738
total_op,6,7,4,2291
net.imagej.ops.Ops.Filter.Convolve,3,7,4,1675
net.imagej.ops.Ops.Filter.Convolve,1,7,4,1680
net.imagej.ops.Ops.Filter.Convolve,5,7,4,1803
net.imagej.ops.Ops.Filter.Convolve,3,7,4,1743
net.imagej.ops.Ops.Filter.Convolve,1,7,4,1739
net.imagej.ops.Ops.Filter.Convolve,5,7,4,1864
total_op,3,7,4,2118
total_op,1,7,4,2104
total_op,5,7,4,2133
write,0,7,5,11246
net.imagej.ops.Ops.Create.ImgFactory,1,6,0,114
net.imagej.ops.Ops.Create.ImgFactory,0,6,0,117
net.imagej.ops.Ops.Create.ImgFactory,3,6,0,122
net.imagej.ops.Ops.Create.ImgFactory,4,6,0,120
net.imagej.ops.Ops.Create.ImgFactory,2,6,0,117
net.imagej.ops.Ops.Create.ImgFactory,5,6,0,116
create.img,1,6,0,808
create.img,0,6,0,378
create.img,3,6,0,868
create.img,4,6,0,931
create.img,2,6,0,847
create.img,5,6,0,724
read,3,6,0,3426
read,1,6,0,3466
read,0,6,0,3494
read,2,6,0,3503
read,4,6,0,3641
read,5,6,0,3620
net.imagej.ops.Ops.Create.Img,1,6,0,237
net.imagej.ops.Ops.Create.Img,3,6,0,266
net.imagej.ops.Ops.Create.Img,0,6,0,272
net.imagej.ops.Ops.Create.Img,2,6,0,273
net.imagej.ops.Ops.Create.Img,4,6,0,312
net.imagej.ops.Ops.Create.Img,5,6,0,306
com.mycompany.imagej.ops.parallel.ThreadedParallel,3,6,0,1482
com.mycompany.imagej.ops.parallel.ThreadedParallel,0,6,0,1501
com.mycompany.imagej.ops.parallel.ThreadedParallel,2,6,0,1466
com.mycompany.imagej.ops.parallel.ThreadedParallel,1,6,0,1752
com.mycompany.imagej.ops.parallel.ThreadedParallel,5,6,0,1556
com.mycompany.imagej.ops.parallel.ThreadedParallel,4,6,0,1610
barrier,2,6,0,335
barrier,3,6,0,410
barrier,4,6,0,27
barrier,0,6,0,352
barrier,1,6,0,162
barrier,5,6,0,67
gather,5,6,0,796
com.mycompany.imagej.ops.parallel.Parallel,5,6,0,2527
convolution,5,6,0,2529
gather,1,6,0,811
net.imagej.ops.Ops.Filter.Convolve,5,6,0,2535
com.mycompany.imagej.ops.parallel.Parallel,1,6,0,2831
net.imagej.ops.Ops.Filter.Convolve,5,6,0,2571
convolution,1,6,0,2860
total_op,5,6,0,2939
net.imagej.ops.Ops.Filter.Convolve,1,6,0,2893
net.imagej.ops.Ops.Filter.Convolve,1,6,0,2930
total_op,1,6,0,3201
gather,4,6,0,1084
gather,0,6,0,1083
com.mycompany.imagej.ops.parallel.Parallel,4,6,0,2803
com.mycompany.imagej.ops.parallel.Parallel,0,6,0,3030
convolution,4,6,0,2827
convolution,0,6,0,3053
net.imagej.ops.Ops.Filter.Convolve,4,6,0,2856
net.imagej.ops.Ops.Filter.Convolve,0,6,0,3082
net.imagej.ops.Ops.Filter.Convolve,4,6,0,2888
net.imagej.ops.Ops.Filter.Convolve,0,6,0,3114
total_op,4,6,0,3252
total_op,0,6,0,3437
net.imagej.ops.Ops.Create.Img,5,6,1,319
net.imagej.ops.Ops.Create.Img,1,6,1,323
gather,3,6,0,1337
gather,2,6,0,1353
com.mycompany.imagej.ops.parallel.Parallel,3,6,0,3305
com.mycompany.imagej.ops.parallel.Parallel,2,6,0,3225
convolution,3,6,0,3332
convolution,2,6,0,3252
net.imagej.ops.Ops.Filter.Convolve,3,6,0,3364
net.imagej.ops.Ops.Filter.Convolve,2,6,0,3287
net.imagej.ops.Ops.Filter.Convolve,3,6,0,3401
net.imagej.ops.Ops.Filter.Convolve,2,6,0,3323
total_op,3,6,0,3735
total_op,2,6,0,3659
net.imagej.ops.Ops.Create.Img,4,6,1,306
net.imagej.ops.Ops.Create.Img,0,6,1,344
net.imagej.ops.Ops.Create.Img,2,6,1,332
net.imagej.ops.Ops.Create.Img,3,6,1,347
com.mycompany.imagej.ops.parallel.ThreadedParallel,5,6,1,1076
com.mycompany.imagej.ops.parallel.ThreadedParallel,1,6,1,1159
com.mycompany.imagej.ops.parallel.ThreadedParallel,4,6,1,1124
com.mycompany.imagej.ops.parallel.ThreadedParallel,0,6,1,1105
com.mycompany.imagej.ops.parallel.ThreadedParallel,3,6,1,986
com.mycompany.imagej.ops.parallel.ThreadedParallel,2,6,1,1178
barrier,1,6,1,586
barrier,2,6,1,0
barrier,5,6,1,695
barrier,3,6,1,176
barrier,0,6,1,335
barrier,4,6,1,370
gather,2,6,1,576
com.mycompany.imagej.ops.parallel.Parallel,2,6,1,1816
convolution,2,6,1,1817
net.imagej.ops.Ops.Filter.Convolve,2,6,1,1820
net.imagej.ops.Ops.Filter.Convolve,2,6,1,1826
total_op,2,6,1,2181
gather,4,6,1,584
com.mycompany.imagej.ops.parallel.Parallel,4,6,1,2195
convolution,4,6,1,2196
net.imagej.ops.Ops.Filter.Convolve,4,6,1,2201
net.imagej.ops.Ops.Filter.Convolve,4,6,1,2206
total_op,4,6,1,2534
gather,0,6,1,647
com.mycompany.imagej.ops.parallel.Parallel,0,6,1,2191
convolution,0,6,1,2192
net.imagej.ops.Ops.Filter.Convolve,0,6,1,2196
net.imagej.ops.Ops.Filter.Convolve,0,6,1,2202
total_op,0,6,1,2568
gather,5,6,1,851
com.mycompany.imagej.ops.parallel.Parallel,5,6,1,2699
convolution,5,6,1,2700
net.imagej.ops.Ops.Filter.Convolve,5,6,1,2703
net.imagej.ops.Ops.Filter.Convolve,5,6,1,2708
total_op,5,6,1,3050
net.imagej.ops.Ops.Create.Img,2,6,2,288
gather,3,6,1,871
com.mycompany.imagej.ops.parallel.Parallel,3,6,1,2128
convolution,3,6,1,2129
net.imagej.ops.Ops.Filter.Convolve,3,6,1,2133
net.imagej.ops.Ops.Filter.Convolve,3,6,1,2138
total_op,3,6,1,2521
gather,1,6,1,944
com.mycompany.imagej.ops.parallel.Parallel,1,6,1,2740
convolution,1,6,1,2741
net.imagej.ops.Ops.Filter.Convolve,1,6,1,2746
net.imagej.ops.Ops.Filter.Convolve,1,6,1,2751
total_op,1,6,1,3099
net.imagej.ops.Ops.Create.Img,4,6,2,328
net.imagej.ops.Ops.Create.Img,0,6,2,349
net.imagej.ops.Ops.Create.Img,5,6,2,330
net.imagej.ops.Ops.Create.Img,3,6,2,321
net.imagej.ops.Ops.Create.Img,1,6,2,304
com.mycompany.imagej.ops.parallel.ThreadedParallel,2,6,2,715
com.mycompany.imagej.ops.parallel.ThreadedParallel,4,6,2,741
com.mycompany.imagej.ops.parallel.ThreadedParallel,0,6,2,769
com.mycompany.imagej.ops.parallel.ThreadedParallel,3,6,2,621
com.mycompany.imagej.ops.parallel.ThreadedParallel,5,6,2,704
com.mycompany.imagej.ops.parallel.ThreadedParallel,1,6,2,702
barrier,1,6,2,0
barrier,3,6,2,96
barrier,2,6,2,361
barrier,4,6,2,233
barrier,5,6,2,42
barrier,0,6,2,137
gather,2,6,2,626
com.mycompany.imagej.ops.parallel.Parallel,2,6,2,1766
convolution,2,6,2,1767
net.imagej.ops.Ops.Filter.Convolve,2,6,2,1770
net.imagej.ops.Ops.Filter.Convolve,2,6,2,1774
total_op,2,6,2,2085
gather,4,6,2,650
com.mycompany.imagej.ops.parallel.Parallel,4,6,2,1697
convolution,4,6,2,1698
net.imagej.ops.Ops.Filter.Convolve,4,6,2,1701
net.imagej.ops.Ops.Filter.Convolve,4,6,2,1706
total_op,4,6,2,2054
gather,0,6,2,700
com.mycompany.imagej.ops.parallel.Parallel,0,6,2,1710
convolution,0,6,2,1711
net.imagej.ops.Ops.Filter.Convolve,0,6,2,1715
net.imagej.ops.Ops.Filter.Convolve,0,6,2,1719
total_op,0,6,2,2088
gather,3,6,2,838
com.mycompany.imagej.ops.parallel.Parallel,3,6,2,1606
convolution,3,6,2,1607
net.imagej.ops.Ops.Filter.Convolve,3,6,2,1611
net.imagej.ops.Ops.Filter.Convolve,3,6,2,1615
total_op,3,6,2,1958
net.imagej.ops.Ops.Create.Img,2,6,3,308
net.imagej.ops.Ops.Create.Img,4,6,3,342
net.imagej.ops.Ops.Create.Img,0,6,3,325
net.imagej.ops.Ops.Create.Img,3,6,3,306
gather,1,6,2,1249
com.mycompany.imagej.ops.parallel.Parallel,1,6,2,1988
convolution,1,6,2,1989
net.imagej.ops.Ops.Filter.Convolve,1,6,2,1993
net.imagej.ops.Ops.Filter.Convolve,1,6,2,1997
total_op,1,6,2,2325
gather,5,6,2,1287
com.mycompany.imagej.ops.parallel.Parallel,5,6,2,2125
convolution,5,6,2,2126
net.imagej.ops.Ops.Filter.Convolve,5,6,2,2129
net.imagej.ops.Ops.Filter.Convolve,5,6,2,2133
total_op,5,6,2,2484
net.imagej.ops.Ops.Create.Img,1,6,3,299
net.imagej.ops.Ops.Create.Img,5,6,3,333
com.mycompany.imagej.ops.parallel.ThreadedParallel,2,6,3,700
com.mycompany.imagej.ops.parallel.ThreadedParallel,4,6,3,740
com.mycompany.imagej.ops.parallel.ThreadedParallel,3,6,3,616
com.mycompany.imagej.ops.parallel.ThreadedParallel,0,6,3,715
com.mycompany.imagej.ops.parallel.ThreadedParallel,1,6,3,768
com.mycompany.imagej.ops.parallel.ThreadedParallel,5,6,3,645
barrier,4,6,3,563
barrier,2,6,3,664
barrier,0,6,3,522
barrier,3,6,3,563
barrier,5,6,3,13
barrier,1,6,3,27
gather,4,6,3,576
gather,2,6,3,566
com.mycompany.imagej.ops.parallel.Parallel,4,6,3,1928
com.mycompany.imagej.ops.parallel.Parallel,2,6,3,2009
convolution,4,6,3,1952
convolution,2,6,3,2032
net.imagej.ops.Ops.Filter.Convolve,4,6,3,1977
net.imagej.ops.Ops.Filter.Convolve,2,6,3,2057
net.imagej.ops.Ops.Filter.Convolve,4,6,3,2003
net.imagej.ops.Ops.Filter.Convolve,2,6,3,2084
total_op,4,6,3,2387
total_op,2,6,3,2437
gather,3,6,3,826
gather,1,6,3,801
gather,5,6,3,816
com.mycompany.imagej.ops.parallel.Parallel,3,6,3,2089
com.mycompany.imagej.ops.parallel.Parallel,1,6,3,1711
com.mycompany.imagej.ops.parallel.Parallel,5,6,3,1597
convolution,3,6,3,2131
gather,0,6,3,898
convolution,1,6,3,1753
convolution,5,6,3,1639
net.imagej.ops.Ops.Filter.Convolve,3,6,3,2175
com.mycompany.imagej.ops.parallel.Parallel,0,6,3,2252
net.imagej.ops.Ops.Filter.Convolve,1,6,3,1809
net.imagej.ops.Ops.Filter.Convolve,5,6,3,1696
net.imagej.ops.Ops.Create.Img,2,6,4,278
net.imagej.ops.Ops.Filter.Convolve,3,6,3,2232
net.imagej.ops.Ops.Create.Img,4,6,4,305
convolution,0,6,3,2305
net.imagej.ops.Ops.Filter.Convolve,1,6,3,1865
net.imagej.ops.Ops.Filter.Convolve,5,6,3,1760
total_op,3,6,3,2637
net.imagej.ops.Ops.Filter.Convolve,0,6,3,2401
total_op,1,6,3,2283
total_op,5,6,3,2200
net.imagej.ops.Ops.Filter.Convolve,0,6,3,2458
total_op,0,6,3,2840
net.imagej.ops.Ops.Create.Img,1,6,4,296
net.imagej.ops.Ops.Create.Img,3,6,4,340
net.imagej.ops.Ops.Create.Img,5,6,4,305
net.imagej.ops.Ops.Create.Img,0,6,4,350
com.mycompany.imagej.ops.parallel.ThreadedParallel,4,6,4,647
com.mycompany.imagej.ops.parallel.ThreadedParallel,2,6,4,763
com.mycompany.imagej.ops.parallel.ThreadedParallel,3,6,4,631
com.mycompany.imagej.ops.parallel.ThreadedParallel,1,6,4,652
com.mycompany.imagej.ops.parallel.ThreadedParallel,0,6,4,638
com.mycompany.imagej.ops.parallel.ThreadedParallel,5,6,4,711
barrier,5,6,4,0
barrier,3,6,4,96
barrier,1,6,4,81
barrier,0,6,4,21
barrier,2,6,4,148
barrier,4,6,4,459
gather,2,6,4,550
gather,4,6,4,544
com.mycompany.imagej.ops.parallel.Parallel,2,6,4,1762
com.mycompany.imagej.ops.parallel.Parallel,4,6,4,1757
convolution,2,6,4,1785
convolution,4,6,4,1780
net.imagej.ops.Ops.Filter.Convolve,2,6,4,1811
net.imagej.ops.Ops.Filter.Convolve,4,6,4,1805
net.imagej.ops.Ops.Filter.Convolve,2,6,4,1837
net.imagej.ops.Ops.Filter.Convolve,4,6,4,1833
total_op,2,6,4,2258
total_op,4,6,4,2281
gather,0,6,4,720
com.mycompany.imagej.ops.parallel.Parallel,0,6,4,1451
convolution,0,6,4,1452
net.imagej.ops.Ops.Filter.Convolve,0,6,4,1456
net.imagej.ops.Ops.Filter.Convolve,0,6,4,1461
total_op,0,6,4,1835
gather,1,6,4,825
gather,5,6,4,853
com.mycompany.imagej.ops.parallel.Parallel,1,6,4,1633
com.mycompany.imagej.ops.parallel.Parallel,5,6,4,1612
convolution,1,6,4,1663
convolution,5,6,4,1641
net.imagej.ops.Ops.Filter.Convolve,1,6,4,1695
net.imagej.ops.Ops.Filter.Convolve,5,6,4,1674
net.imagej.ops.Ops.Filter.Convolve,1,6,4,1727
net.imagej.ops.Ops.Filter.Convolve,5,6,4,1709
total_op,1,6,4,2072
total_op,5,6,4,2072
gather,3,6,4,1164
com.mycompany.imagej.ops.parallel.Parallel,3,6,4,1940
convolution,3,6,4,1941
net.imagej.ops.Ops.Filter.Convolve,3,6,4,1945
net.imagej.ops.Ops.Filter.Convolve,3,6,4,1950
total_op,3,6,4,2311
write,0,6,5,10720
net.imagej.ops.Ops.Create.ImgFactory,0,5,0,116
net.imagej.ops.Ops.Create.ImgFactory,3,5,0,117
net.imagej.ops.Ops.Create.ImgFactory,2,5,0,118
net.imagej.ops.Ops.Create.ImgFactory,4,5,0,117
net.imagej.ops.Ops.Create.ImgFactory,1,5,0,128
create.img,0,5,0,377
create.img,3,5,0,877
create.img,2,5,0,908
create.img,4,5,0,987
create.img,1,5,0,1028
read,0,5,0,3477
read,4,5,0,3473
read,3,5,0,3514
read,1,5,0,3530
read,2,5,0,3558
net.imagej.ops.Ops.Create.Img,0,5,0,285
net.imagej.ops.Ops.Create.Img,4,5,0,291
net.imagej.ops.Ops.Create.Img,2,5,0,277
net.imagej.ops.Ops.Create.Img,3,5,0,322
net.imagej.ops.Ops.Create.Img,1,5,0,325
com.mycompany.imagej.ops.parallel.ThreadedParallel,0,5,0,1669
com.mycompany.imagej.ops.parallel.ThreadedParallel,4,5,0,1731
com.mycompany.imagej.ops.parallel.ThreadedParallel,3,5,0,1698
com.mycompany.imagej.ops.parallel.ThreadedParallel,2,5,0,1830
com.mycompany.imagej.ops.parallel.ThreadedParallel,1,5,0,1893
barrier,1,5,0,26
barrier,3,5,0,233
barrier,0,5,0,322
barrier,4,5,0,255
barrier,2,5,0,123
gather,0,5,0,597
gather,2,5,0,576
com.mycompany.imagej.ops.parallel.Parallel,0,5,0,2659
com.mycompany.imagej.ops.parallel.Parallel,2,5,0,2629
convolution,0,5,0,2684
convolution,2,5,0,2652
gather,3,5,0,665
net.imagej.ops.Ops.Filter.Convolve,0,5,0,2714
net.imagej.ops.Ops.Filter.Convolve,2,5,0,2682
com.mycompany.imagej.ops.parallel.Parallel,3,5,0,2670
net.imagej.ops.Ops.Filter.Convolve,0,5,0,2763
net.imagej.ops.Ops.Filter.Convolve,2,5,0,2731
convolution,3,5,0,2710
total_op,0,5,0,3119
total_op,2,5,0,3075
net.imagej.ops.Ops.Filter.Convolve,3,5,0,2755
net.imagej.ops.Ops.Filter.Convolve,3,5,0,2801
total_op,3,5,0,3154
gather,4,5,0,894
com.mycompany.imagej.ops.parallel.Parallel,4,5,0,2958
convolution,4,5,0,2959
net.imagej.ops.Ops.Filter.Convolve,4,5,0,2966
net.imagej.ops.Ops.Filter.Convolve,4,5,0,2976
total_op,4,5,0,3293
net.imagej.ops.Ops.Create.Img,3,5,1,269
gather,1,5,0,1129
net.imagej.ops.Ops.Create.Img,0,5,1,337
net.imagej.ops.Ops.Create.Img,2,5,1,328
net.imagej.ops.Ops.Create.Img,4,5,1,322
com.mycompany.imagej.ops.parallel.Parallel,1,5,0,3327
convolution,1,5,0,3384
net.imagej.ops.Ops.Filter.Convolve,1,5,0,3391
net.imagej.ops.Ops.Filter.Convolve,1,5,0,3400
total_op,1,5,0,3755
net.imagej.ops.Ops.Create.Img,1,5,1,337
com.mycompany.imagej.ops.parallel.ThreadedParallel,3,5,1,1202
com.mycompany.imagej.ops.parallel.ThreadedParallel,2,5,1,1241
com.mycompany.imagej.ops.parallel.ThreadedParallel,0,5,1,1267
com.mycompany.imagej.ops.parallel.ThreadedParallel,4,5,1,1373
com.mycompany.imagej.ops.parallel.ThreadedParallel,1,5,1,1308
barrier,1,5,1,0
barrier,4,5,1,376
barrier,3,5,1,603
barrier,0,5,1,511
barrier,2,5,1,523
gather,4,5,1,585
com.mycompany.imagej.ops.parallel.Parallel,4,5,1,2383
convolution,4,5,1,2384
net.imagej.ops.Ops.Filter.Convolve,4,5,1,2388
net.imagej.ops.Ops.Filter.Convolve,4,5,1,2395
total_op,4,5,1,2868
gather,3,5,1,717
gather,1,5,1,748
com.mycompany.imagej.ops.parallel.Parallel,3,5,1,2587
com.mycompany.imagej.ops.parallel.Parallel,1,5,1,2182
convolution,3,5,1,2615
convolution,1,5,1,2212
net.imagej.ops.Ops.Filter.Convolve,3,5,1,2647
net.imagej.ops.Ops.Filter.Convolve,1,5,1,2243
net.imagej.ops.Ops.Filter.Convolve,3,5,1,2679
net.imagej.ops.Ops.Filter.Convolve,1,5,1,2275
total_op,3,5,1,3247
total_op,1,5,1,2647
gather,2,5,1,888
net.imagej.ops.Ops.Create.Img,4,5,2,336
com.mycompany.imagej.ops.parallel.Parallel,2,5,1,2749
gather,0,5,1,929
convolution,2,5,1,2775
com.mycompany.imagej.ops.parallel.Parallel,0,5,1,2801
net.imagej.ops.Ops.Filter.Convolve,2,5,1,2802
convolution,0,5,1,2825
net.imagej.ops.Ops.Filter.Convolve,2,5,1,2831
net.imagej.ops.Ops.Filter.Convolve,0,5,1,2852
total_op,2,5,1,3452
net.imagej.ops.Ops.Filter.Convolve,0,5,1,2881
total_op,0,5,1,3500
net.imagej.ops.Ops.Create.Img,3,5,2,305
net.imagej.ops.Ops.Create.Img,1,5,2,348
net.imagej.ops.Ops.Create.Img,2,5,2,342
net.imagej.ops.Ops.Create.Img,0,5,2,350
com.mycompany.imagej.ops.parallel.ThreadedParallel,3,5,2,806
com.mycompany.imagej.ops.parallel.ThreadedParallel,4,5,2,1133
com.mycompany.imagej.ops.parallel.ThreadedParallel,1,5,2,883
com.mycompany.imagej.ops.parallel.ThreadedParallel,2,5,2,839
com.mycompany.imagej.ops.parallel.ThreadedParallel,0,5,2,986
barrier,0,5,2,0
barrier,1,5,2,287
barrier,4,5,2,339
barrier,2,5,2,166
barrier,3,5,2,400
gather,2,5,2,564
gather,0,5,2,727
gather,4,5,2,726
gather,3,5,2,728
com.mycompany.imagej.ops.parallel.Parallel,2,5,2,1820
com.mycompany.imagej.ops.parallel.Parallel,0,5,2,1811
com.mycompany.imagej.ops.parallel.Parallel,4,5,2,2312
com.mycompany.imagej.ops.parallel.Parallel,3,5,2,2061
convolution,2,5,2,1874
convolution,0,5,2,1864
convolution,4,5,2,2366
convolution,3,5,2,2115
gather,1,5,2,880
net.imagej.ops.Ops.Filter.Convolve,2,5,2,1931
net.imagej.ops.Ops.Filter.Convolve,0,5,2,1920
net.imagej.ops.Ops.Filter.Convolve,4,5,2,2421
net.imagej.ops.Ops.Filter.Convolve,3,5,2,2170
com.mycompany.imagej.ops.parallel.Parallel,1,5,2,2142
net.imagej.ops.Ops.Filter.Convolve,2,5,2,1999
net.imagej.ops.Ops.Filter.Convolve,0,5,2,1989
net.imagej.ops.Ops.Filter.Convolve,4,5,2,2490
net.imagej.ops.Ops.Filter.Convolve,3,5,2,2240
convolution,1,5,2,2208
total_op,2,5,2,2429
total_op,0,5,2,2425
total_op,4,5,2,2919
total_op,3,5,2,2650
net.imagej.ops.Ops.Filter.Convolve,1,5,2,2279
net.imagej.ops.Ops.Filter.Convolve,1,5,2,2347
total_op,1,5,2,2717
net.imagej.ops.Ops.Create.Img,2,5,3,340
net.imagej.ops.Ops.Create.Img,3,5,3,306
net.imagej.ops.Ops.Create.Img,0,5,3,336
net.imagej.ops.Ops.Create.Img,4,5,3,337
net.imagej.ops.Ops.Create.Img,1,5,3,320
com.mycompany.imagej.ops.parallel.ThreadedParallel,3,5,3,793
com.mycompany.imagej.ops.parallel.ThreadedParallel,0,5,3,782
com.mycompany.imagej.ops.parallel.ThreadedParallel,1,5,3,824
com.mycompany.imagej.ops.parallel.ThreadedParallel,4,5,3,852
com.mycompany.imagej.ops.parallel.ThreadedParallel,2,5,3,900
barrier,1,5,3,28
barrier,4,5,3,23
barrier,2,5,3,10
barrier,0,5,3,93
barrier,3,5,3,108
gather,4,5,3,619
com.mycompany.imagej.ops.parallel.Parallel,4,5,3,1543
convolution,4,5,3,1544
net.imagej.ops.Ops.Filter.Convolve,4,5,3,1549
net.imagej.ops.Ops.Filter.Convolve,4,5,3,1553
total_op,4,5,3,1931
gather,0,5,3,632
com.mycompany.imagej.ops.parallel.Parallel,0,5,3,1594
convolution,0,5,3,1595
net.imagej.ops.Ops.Filter.Convolve,0,5,3,1599
net.imagej.ops.Ops.Filter.Convolve,0,5,3,1603
total_op,0,5,3,1980
gather,2,5,3,666
com.mycompany.imagej.ops.parallel.Parallel,2,5,3,1644
convolution,2,5,3,1645
net.imagej.ops.Ops.Filter.Convolve,2,5,3,1649
net.imagej.ops.Ops.Filter.Convolve,2,5,3,1652
total_op,2,5,3,2012
gather,1,5,3,730
com.mycompany.imagej.ops.parallel.Parallel,1,5,3,1631
convolution,1,5,3,1632
net.imagej.ops.Ops.Filter.Convolve,1,5,3,1636
net.imagej.ops.Ops.Filter.Convolve,1,5,3,1640
total_op,1,5,3,1998
gather,3,5,3,721
com.mycompany.imagej.ops.parallel.Parallel,3,5,3,1713
convolution,3,5,3,1714
net.imagej.ops.Ops.Filter.Convolve,3,5,3,1717
net.imagej.ops.Ops.Filter.Convolve,3,5,3,1721
total_op,3,5,3,2055
net.imagej.ops.Ops.Create.Img,4,5,4,323
net.imagej.ops.Ops.Create.Img,2,5,4,321
net.imagej.ops.Ops.Create.Img,0,5,4,357
net.imagej.ops.Ops.Create.Img,1,5,4,314
net.imagej.ops.Ops.Create.Img,3,5,4,306
com.mycompany.imagej.ops.parallel.ThreadedParallel,4,5,4,806
com.mycompany.imagej.ops.parallel.ThreadedParallel,2,5,4,814
com.mycompany.imagej.ops.parallel.ThreadedParallel,3,5,4,799
com.mycompany.imagej.ops.parallel.ThreadedParallel,1,5,4,881
com.mycompany.imagej.ops.parallel.ThreadedParallel,0,5,4,921
barrier,0,5,4,0
barrier,3,5,4,68
barrier,1,5,4,22
barrier,2,5,4,125
barrier,4,5,4,185
gather,2,5,4,556
com.mycompany.imagej.ops.parallel.Parallel,2,5,4,1573
convolution,2,5,4,1574
net.imagej.ops.Ops.Filter.Convolve,2,5,4,1577
net.imagej.ops.Ops.Filter.Convolve,2,5,4,1582
total_op,2,5,4,1924
gather,4,5,4,582
com.mycompany.imagej.ops.parallel.Parallel,4,5,4,1666
convolution,4,5,4,1667
net.imagej.ops.Ops.Filter.Convolve,4,5,4,1671
net.imagej.ops.Ops.Filter.Convolve,4,5,4,1675
total_op,4,5,4,2020
gather,3,5,4,710
gather,1,5,4,695
com.mycompany.imagej.ops.parallel.Parallel,3,5,4,1631
com.mycompany.imagej.ops.parallel.Parallel,1,5,4,1689
convolution,3,5,4,1668
convolution,1,5,4,1718
net.imagej.ops.Ops.Filter.Convolve,3,5,4,1699
net.imagej.ops.Ops.Filter.Convolve,1,5,4,1748
net.imagej.ops.Ops.Filter.Convolve,3,5,4,1733
net.imagej.ops.Ops.Filter.Convolve,1,5,4,1781
total_op,3,5,4,2085
total_op,1,5,4,2141
gather,0,5,4,925
com.mycompany.imagej.ops.parallel.Parallel,0,5,4,1877
convolution,0,5,4,1878
net.imagej.ops.Ops.Filter.Convolve,0,5,4,1882
net.imagej.ops.Ops.Filter.Convolve,0,5,4,1887
total_op,0,5,4,2268
write,0,5,5,11113
net.imagej.ops.Ops.Create.ImgFactory,0,4,0,113
net.imagej.ops.Ops.Create.ImgFactory,3,4,0,116
net.imagej.ops.Ops.Create.ImgFactory,1,4,0,116
net.imagej.ops.Ops.Create.ImgFactory,2,4,0,114
create.img,0,4,0,351
create.img,3,4,0,1012
create.img,1,4,0,958
create.img,2,4,0,793
read,0,4,0,3448
read,3,4,0,3479
read,2,4,0,3471
read,1,4,0,3516
net.imagej.ops.Ops.Create.Img,0,4,0,266
net.imagej.ops.Ops.Create.Img,3,4,0,275
net.imagej.ops.Ops.Create.Img,2,4,0,257
net.imagej.ops.Ops.Create.Img,1,4,0,345
com.mycompany.imagej.ops.parallel.ThreadedParallel,2,4,0,1573
com.mycompany.imagej.ops.parallel.ThreadedParallel,1,4,0,1670
com.mycompany.imagej.ops.parallel.ThreadedParallel,0,4,0,1915
com.mycompany.imagej.ops.parallel.ThreadedParallel,3,4,0,2032
barrier,2,4,0,453
barrier,0,4,0,184
barrier,3,4,0,12
barrier,1,4,0,256
gather,2,4,0,713
gather,3,4,0,694
com.mycompany.imagej.ops.parallel.Parallel,2,4,0,2790
com.mycompany.imagej.ops.parallel.Parallel,3,4,0,2819
convolution,2,4,0,2820
convolution,3,4,0,2849
net.imagej.ops.Ops.Filter.Convolve,2,4,0,2855
net.imagej.ops.Ops.Filter.Convolve,3,4,0,2884
net.imagej.ops.Ops.Filter.Convolve,2,4,0,2892
net.imagej.ops.Ops.Filter.Convolve,3,4,0,2920
total_op,2,4,0,3221
total_op,3,4,0,3254
gather,0,4,0,869
com.mycompany.imagej.ops.parallel.Parallel,0,4,0,3036
convolution,0,4,0,3038
net.imagej.ops.Ops.Filter.Convolve,0,4,0,3045
net.imagej.ops.Ops.Filter.Convolve,0,4,0,3055
total_op,0,4,0,3350
gather,1,4,0,1057
com.mycompany.imagej.ops.parallel.Parallel,1,4,0,3066
convolution,1,4,0,3067
net.imagej.ops.Ops.Filter.Convolve,1,4,0,3074
net.imagej.ops.Ops.Filter.Convolve,1,4,0,3083
total_op,1,4,0,3459
net.imagej.ops.Ops.Create.Img,2,4,1,322
net.imagej.ops.Ops.Create.Img,3,4,1,309
net.imagej.ops.Ops.Create.Img,0,4,1,322
net.imagej.ops.Ops.Create.Img,1,4,1,278
com.mycompany.imagej.ops.parallel.ThreadedParallel,3,4,1,1244
com.mycompany.imagej.ops.parallel.ThreadedParallel,2,4,1,1484
com.mycompany.imagej.ops.parallel.ThreadedParallel,0,4,1,1480
com.mycompany.imagej.ops.parallel.ThreadedParallel,1,4,1,1622
barrier,1,4,1,0
barrier,0,4,1,311
barrier,2,4,1,339
barrier,3,4,1,564
gather,1,4,1,648
gather,0,4,1,650
com.mycompany.imagej.ops.parallel.Parallel,1,4,1,2306
com.mycompany.imagej.ops.parallel.Parallel,0,4,1,2487
convolution,1,4,1,2331
convolution,0,4,1,2513
net.imagej.ops.Ops.Filter.Convolve,1,4,1,2359
net.imagej.ops.Ops.Filter.Convolve,0,4,1,2540
net.imagej.ops.Ops.Filter.Convolve,1,4,1,2388
net.imagej.ops.Ops.Filter.Convolve,0,4,1,2568
total_op,1,4,1,2716
total_op,0,4,1,2939
gather,3,4,1,746
com.mycompany.imagej.ops.parallel.Parallel,3,4,1,2647
convolution,3,4,1,2648
net.imagej.ops.Ops.Filter.Convolve,3,4,1,2652
net.imagej.ops.Ops.Filter.Convolve,3,4,1,2657
total_op,3,4,1,3001
gather,2,4,1,845
com.mycompany.imagej.ops.parallel.Parallel,2,4,1,2732
convolution,2,4,1,2733
net.imagej.ops.Ops.Filter.Convolve,2,4,1,2737
net.imagej.ops.Ops.Filter.Convolve,2,4,1,2742
total_op,2,4,1,3086
net.imagej.ops.Ops.Create.Img,3,4,2,318
net.imagej.ops.Ops.Create.Img,1,4,2,366
net.imagej.ops.Ops.Create.Img,0,4,2,361
net.imagej.ops.Ops.Create.Img,2,4,2,321
com.mycompany.imagej.ops.parallel.ThreadedParallel,0,4,2,925
com.mycompany.imagej.ops.parallel.ThreadedParallel,2,4,2,1044
com.mycompany.imagej.ops.parallel.ThreadedParallel,1,4,2,1132
com.mycompany.imagej.ops.parallel.ThreadedParallel,3,4,2,1161
barrier,3,4,2,0
barrier,2,4,2,52
barrier,0,4,2,103
barrier,1,4,2,16
gather,2,4,2,795
com.mycompany.imagej.ops.parallel.Parallel,2,4,2,1940
convolution,2,4,2,1940
net.imagej.ops.Ops.Filter.Convolve,2,4,2,1944
net.imagej.ops.Ops.Filter.Convolve,2,4,2,1948
total_op,2,4,2,2288
gather,3,4,2,876
com.mycompany.imagej.ops.parallel.Parallel,3,4,2,2075
convolution,3,4,2,2076
net.imagej.ops.Ops.Filter.Convolve,3,4,2,2079
net.imagej.ops.Ops.Filter.Convolve,3,4,2,2083
total_op,3,4,2,2428
gather,1,4,2,953
gather,0,4,2,976
com.mycompany.imagej.ops.parallel.Parallel,1,4,2,2181
com.mycompany.imagej.ops.parallel.Parallel,0,4,2,2180
convolution,1,4,2,2206
convolution,0,4,2,2204
net.imagej.ops.Ops.Filter.Convolve,1,4,2,2233
net.imagej.ops.Ops.Filter.Convolve,0,4,2,2231
net.imagej.ops.Ops.Filter.Convolve,1,4,2,2260
net.imagej.ops.Ops.Filter.Convolve,0,4,2,2259
total_op,1,4,2,2673
total_op,0,4,2,2674
net.imagej.ops.Ops.Create.Img,2,4,3,306
net.imagej.ops.Ops.Create.Img,3,4,3,351
net.imagej.ops.Ops.Create.Img,1,4,3,330
net.imagej.ops.Ops.Create.Img,0,4,3,334
com.mycompany.imagej.ops.parallel.ThreadedParallel,2,4,3,1020
com.mycompany.imagej.ops.parallel.ThreadedParallel,3,4,3,1042
com.mycompany.imagej.ops.parallel.ThreadedParallel,0,4,3,944
com.mycompany.imagej.ops.parallel.ThreadedParallel,1,4,3,974
barrier,1,4,3,0
barrier,3,4,3,147
barrier,2,4,3,277
barrier,0,4,3,12
gather,3,4,3,625
gather,1,4,3,648
gather,0,4,3,610
gather,2,4,3,624
com.mycompany.imagej.ops.parallel.Parallel,3,4,3,1866
com.mycompany.imagej.ops.parallel.Parallel,1,4,3,1664
com.mycompany.imagej.ops.parallel.Parallel,0,4,3,1661
com.mycompany.imagej.ops.parallel.Parallel,2,4,3,2011
convolution,3,4,3,1918
convolution,1,4,3,1716
convolution,0,4,3,1714
convolution,2,4,3,2065
net.imagej.ops.Ops.Filter.Convolve,3,4,3,1974
net.imagej.ops.Ops.Filter.Convolve,1,4,3,1771
net.imagej.ops.Ops.Filter.Convolve,0,4,3,1770
net.imagej.ops.Ops.Filter.Convolve,2,4,3,2120
net.imagej.ops.Ops.Filter.Convolve,3,4,3,2033
net.imagej.ops.Ops.Filter.Convolve,1,4,3,1831
net.imagej.ops.Ops.Filter.Convolve,0,4,3,1828
net.imagej.ops.Ops.Filter.Convolve,2,4,3,2178
total_op,3,4,3,2456
total_op,1,4,3,2233
total_op,0,4,3,2235
total_op,2,4,3,2564
net.imagej.ops.Ops.Create.Img,0,4,4,312
net.imagej.ops.Ops.Create.Img,3,4,4,339
net.imagej.ops.Ops.Create.Img,1,4,4,327
net.imagej.ops.Ops.Create.Img,2,4,4,306
com.mycompany.imagej.ops.parallel.ThreadedParallel,1,4,4,939
com.mycompany.imagej.ops.parallel.ThreadedParallel,0,4,4,974
com.mycompany.imagej.ops.parallel.ThreadedParallel,2,4,4,1065
com.mycompany.imagej.ops.parallel.ThreadedParallel,3,4,4,1131
barrier,3,4,4,0
barrier,2,4,4,39
barrier,1,4,4,169
barrier,0,4,4,156
gather,3,4,4,643
gather,2,4,4,627
gather,1,4,4,619
gather,0,4,4,611
com.mycompany.imagej.ops.parallel.Parallel,3,4,4,1809
com.mycompany.imagej.ops.parallel.Parallel,2,4,4,1794
com.mycompany.imagej.ops.parallel.Parallel,1,4,4,1818
com.mycompany.imagej.ops.parallel.Parallel,0,4,4,1862
convolution,3,4,4,1862
convolution,2,4,4,1846
convolution,1,4,4,1871
convolution,0,4,4,1915
net.imagej.ops.Ops.Filter.Convolve,3,4,4,1916
net.imagej.ops.Ops.Filter.Convolve,2,4,4,1902
net.imagej.ops.Ops.Filter.Convolve,1,4,4,1926
net.imagej.ops.Ops.Filter.Convolve,0,4,4,1969
net.imagej.ops.Ops.Filter.Convolve,3,4,4,1973
net.imagej.ops.Ops.Filter.Convolve,2,4,4,1958
net.imagej.ops.Ops.Filter.Convolve,1,4,4,1983
net.imagej.ops.Ops.Filter.Convolve,0,4,4,2025
total_op,3,4,4,2396
total_op,2,4,4,2371
total_op,1,4,4,2407
total_op,0,4,4,2407
write,0,4,5,12557
net.imagej.ops.Ops.Create.ImgFactory,0,3,0,118
net.imagej.ops.Ops.Create.ImgFactory,1,3,0,119
net.imagej.ops.Ops.Create.ImgFactory,2,3,0,118
create.img,0,3,0,340
create.img,1,3,0,1064
create.img,2,3,0,959
read,0,3,0,3511
read,1,3,0,3523
read,2,3,0,3515
net.imagej.ops.Ops.Create.Img,1,3,0,295
net.imagej.ops.Ops.Create.Img,0,3,0,321
net.imagej.ops.Ops.Create.Img,2,3,0,332
com.mycompany.imagej.ops.parallel.ThreadedParallel,1,3,0,1879
com.mycompany.imagej.ops.parallel.ThreadedParallel,0,3,0,2185
com.mycompany.imagej.ops.parallel.ThreadedParallel,2,3,0,2240
barrier,0,3,0,102
barrier,2,3,0,22
barrier,1,3,0,421
gather,2,3,0,592
gather,1,3,0,586
com.mycompany.imagej.ops.parallel.Parallel,2,3,0,2910
com.mycompany.imagej.ops.parallel.Parallel,1,3,0,2968
convolution,2,3,0,2935
convolution,1,3,0,2992
net.imagej.ops.Ops.Filter.Convolve,2,3,0,2964
net.imagej.ops.Ops.Filter.Convolve,1,3,0,3022
net.imagej.ops.Ops.Filter.Convolve,2,3,0,2997
net.imagej.ops.Ops.Filter.Convolve,1,3,0,3053
total_op,2,3,0,3378
total_op,1,3,0,3402
gather,0,3,0,875
com.mycompany.imagej.ops.parallel.Parallel,0,3,0,3214
convolution,0,3,0,3216
net.imagej.ops.Ops.Filter.Convolve,0,3,0,3223
net.imagej.ops.Ops.Filter.Convolve,0,3,0,3233
total_op,0,3,0,3582
net.imagej.ops.Ops.Create.Img,2,3,1,286
net.imagej.ops.Ops.Create.Img,1,3,1,312
net.imagej.ops.Ops.Create.Img,0,3,1,332
com.mycompany.imagej.ops.parallel.ThreadedParallel,2,3,1,1516
com.mycompany.imagej.ops.parallel.ThreadedParallel,1,3,1,1829
com.mycompany.imagej.ops.parallel.ThreadedParallel,0,3,1,1775
barrier,0,3,1,0
barrier,1,3,1,114
barrier,2,3,1,462
gather,0,3,1,637
com.mycompany.imagej.ops.parallel.Parallel,0,3,1,2443
convolution,0,3,1,2444
net.imagej.ops.Ops.Filter.Convolve,0,3,1,2448
net.imagej.ops.Ops.Filter.Convolve,0,3,1,2453
total_op,0,3,1,2810
gather,1,3,1,656
com.mycompany.imagej.ops.parallel.Parallel,1,3,1,2645
convolution,1,3,1,2646
net.imagej.ops.Ops.Filter.Convolve,1,3,1,2650
net.imagej.ops.Ops.Filter.Convolve,1,3,1,2655
total_op,1,3,1,2991
gather,2,3,1,712
com.mycompany.imagej.ops.parallel.Parallel,2,3,1,2753
convolution,2,3,1,2754
net.imagej.ops.Ops.Filter.Convolve,2,3,1,2758
net.imagej.ops.Ops.Filter.Convolve,2,3,1,2762
total_op,2,3,1,3071
net.imagej.ops.Ops.Create.Img,0,3,2,312
net.imagej.ops.Ops.Create.Img,1,3,2,329
net.imagej.ops.Ops.Create.Img,2,3,2,325
com.mycompany.imagej.ops.parallel.ThreadedParallel,0,3,2,1326
com.mycompany.imagej.ops.parallel.ThreadedParallel,1,3,2,1445
com.mycompany.imagej.ops.parallel.ThreadedParallel,2,3,2,1399
barrier,2,3,2,0
barrier,1,3,2,18
barrier,0,3,2,183
gather,2,3,2,778
com.mycompany.imagej.ops.parallel.Parallel,2,3,2,2208
convolution,2,3,2,2209
net.imagej.ops.Ops.Filter.Convolve,2,3,2,2213
net.imagej.ops.Ops.Filter.Convolve,2,3,2,2217
total_op,2,3,2,2563
gather,1,3,2,912
gather,0,3,2,943
com.mycompany.imagej.ops.parallel.Parallel,1,3,2,2524
com.mycompany.imagej.ops.parallel.Parallel,0,3,2,2583
convolution,1,3,2,2549
convolution,0,3,2,2607
net.imagej.ops.Ops.Filter.Convolve,1,3,2,2575
net.imagej.ops.Ops.Filter.Convolve,0,3,2,2632
net.imagej.ops.Ops.Filter.Convolve,1,3,2,2601
net.imagej.ops.Ops.Filter.Convolve,0,3,2,2662
total_op,1,3,2,2977
total_op,0,3,2,3019
net.imagej.ops.Ops.Create.Img,2,3,3,368
net.imagej.ops.Ops.Create.Img,1,3,3,331
net.imagej.ops.Ops.Create.Img,0,3,3,333
com.mycompany.imagej.ops.parallel.ThreadedParallel,2,3,3,1262
com.mycompany.imagej.ops.parallel.ThreadedParallel,0,3,3,1256
com.mycompany.imagej.ops.parallel.ThreadedParallel,1,3,3,1331
barrier,1,3,3,0
barrier,0,3,3,57
barrier,2,3,3,393
gather,1,3,3,611
com.mycompany.imagej.ops.parallel.Parallel,1,3,3,1972
convolution,1,3,3,1973
net.imagej.ops.Ops.Filter.Convolve,1,3,3,1977
net.imagej.ops.Ops.Filter.Convolve,1,3,3,1981
total_op,1,3,3,2333
gather,0,3,3,623
com.mycompany.imagej.ops.parallel.Parallel,0,3,3,1982
convolution,0,3,3,1983
net.imagej.ops.Ops.Filter.Convolve,0,3,3,1987
net.imagej.ops.Ops.Filter.Convolve,0,3,3,1992
total_op,0,3,3,2349
net.imagej.ops.Ops.Create.Img,1,3,4,312
net.imagej.ops.Ops.Create.Img,0,3,4,367
gather,2,3,3,1049
com.mycompany.imagej.ops.parallel.Parallel,2,3,3,2762
convolution,2,3,3,2763
net.imagej.ops.Ops.Filter.Convolve,2,3,3,2767
net.imagej.ops.Ops.Filter.Convolve,2,3,3,2771
total_op,2,3,3,3164
net.imagej.ops.Ops.Create.Img,2,3,4,334
com.mycompany.imagej.ops.parallel.ThreadedParallel,1,3,4,1298
com.mycompany.imagej.ops.parallel.ThreadedParallel,0,3,4,1349
com.mycompany.imagej.ops.parallel.ThreadedParallel,2,3,4,1296
barrier,2,3,4,0
barrier,1,3,4,475
barrier,0,3,4,341
gather,2,3,4,638
gather,0,3,4,622
com.mycompany.imagej.ops.parallel.Parallel,2,3,4,1976
com.mycompany.imagej.ops.parallel.Parallel,0,3,4,2381
convolution,2,3,4,2000
convolution,0,3,4,2405
net.imagej.ops.Ops.Filter.Convolve,2,3,4,2026
net.imagej.ops.Ops.Filter.Convolve,0,3,4,2431
net.imagej.ops.Ops.Filter.Convolve,2,3,4,2055
gather,1,3,4,720
net.imagej.ops.Ops.Filter.Convolve,0,3,4,2459
total_op,2,3,4,2420
com.mycompany.imagej.ops.parallel.Parallel,1,3,4,2560
total_op,0,3,4,2885
convolution,1,3,4,2601
net.imagej.ops.Ops.Filter.Convolve,1,3,4,2627
net.imagej.ops.Ops.Filter.Convolve,1,3,4,2632
total_op,1,3,4,2963
write,0,3,5,10924
net.imagej.ops.Ops.Create.ImgFactory,0,2,0,116
net.imagej.ops.Ops.Create.ImgFactory,1,2,0,117
create.img,0,2,0,333
create.img,1,2,0,859
read,0,2,0,3477
read,1,2,0,3616
net.imagej.ops.Ops.Create.Img,0,2,0,286
net.imagej.ops.Ops.Create.Img,1,2,0,246
com.mycompany.imagej.ops.parallel.ThreadedParallel,1,2,0,3072
com.mycompany.imagej.ops.parallel.ThreadedParallel,0,2,0,3389
barrier,0,2,0,12
barrier,1,2,0,232
gather,1,2,0,614
com.mycompany.imagej.ops.parallel.Parallel,1,2,0,3939
convolution,1,2,0,3941
net.imagej.ops.Ops.Filter.Convolve,1,2,0,3947
net.imagej.ops.Ops.Filter.Convolve,1,2,0,3957
total_op,1,2,0,4231
gather,0,2,0,816
com.mycompany.imagej.ops.parallel.Parallel,0,2,0,4278
convolution,0,2,0,4279
net.imagej.ops.Ops.Filter.Convolve,0,2,0,4286
net.imagej.ops.Ops.Filter.Convolve,0,2,0,4295
total_op,0,2,0,4611
net.imagej.ops.Ops.Create.Img,1,2,1,304
net.imagej.ops.Ops.Create.Img,0,2,1,302
com.mycompany.imagej.ops.parallel.ThreadedParallel,1,2,1,2502
com.mycompany.imagej.ops.parallel.ThreadedParallel,0,2,1,2569
barrier,0,2,1,0
barrier,1,2,1,80
gather,0,2,1,756
com.mycompany.imagej.ops.parallel.Parallel,0,2,1,3365
convolution,0,2,1,3366
net.imagej.ops.Ops.Filter.Convolve,0,2,1,3370
net.imagej.ops.Ops.Filter.Convolve,0,2,1,3375
total_op,0,2,1,3706
gather,1,2,1,876
net.imagej.ops.Ops.Create.Img,0,2,2,265
com.mycompany.imagej.ops.parallel.Parallel,1,2,1,3707
convolution,1,2,1,3732
net.imagej.ops.Ops.Filter.Convolve,1,2,1,3736
net.imagej.ops.Ops.Filter.Convolve,1,2,1,3741
total_op,1,2,1,4236
net.imagej.ops.Ops.Create.Img,1,2,2,325
com.mycompany.imagej.ops.parallel.ThreadedParallel,0,2,2,2012
com.mycompany.imagej.ops.parallel.ThreadedParallel,1,2,2,1950
barrier,1,2,2,0
barrier,0,2,2,280
gather,1,2,2,638
gather,0,2,2,627
com.mycompany.imagej.ops.parallel.Parallel,1,2,2,2624
com.mycompany.imagej.ops.parallel.Parallel,0,2,2,2979
convolution,1,2,2,2648
convolution,0,2,2,3003
net.imagej.ops.Ops.Filter.Convolve,1,2,2,2674
net.imagej.ops.Ops.Filter.Convolve,0,2,2,3029
net.imagej.ops.Ops.Filter.Convolve,1,2,2,2700
net.imagej.ops.Ops.Filter.Convolve,0,2,2,3054
total_op,1,2,2,3055
total_op,0,2,2,3367
net.imagej.ops.Ops.Create.Img,1,2,3,307
net.imagej.ops.Ops.Create.Img,0,2,3,346
com.mycompany.imagej.ops.parallel.ThreadedParallel,1,2,3,1844
com.mycompany.imagej.ops.parallel.ThreadedParallel,0,2,3,2098
barrier,0,2,3,0
barrier,1,2,3,307
gather,0,2,3,707
com.mycompany.imagej.ops.parallel.Parallel,0,2,3,2839
convolution,0,2,3,2840
net.imagej.ops.Ops.Filter.Convolve,0,2,3,2844
net.imagej.ops.Ops.Filter.Convolve,0,2,3,2848
total_op,0,2,3,3216
gather,1,2,3,782
com.mycompany.imagej.ops.parallel.Parallel,1,2,3,2982
convolution,1,2,3,2983
net.imagej.ops.Ops.Filter.Convolve,1,2,3,2988
net.imagej.ops.Ops.Filter.Convolve,1,2,3,2992
total_op,1,2,3,3319
net.imagej.ops.Ops.Create.Img,0,2,4,302
net.imagej.ops.Ops.Create.Img,1,2,4,327
com.mycompany.imagej.ops.parallel.ThreadedParallel,0,2,4,1979
com.mycompany.imagej.ops.parallel.ThreadedParallel,1,2,4,2169
barrier,1,2,4,0
barrier,0,2,4,350
gather,0,2,4,620
com.mycompany.imagej.ops.parallel.Parallel,0,2,4,2983
convolution,0,2,4,2984
net.imagej.ops.Ops.Filter.Convolve,0,2,4,2988
gather,1,2,4,636
net.imagej.ops.Ops.Filter.Convolve,0,2,4,2992
com.mycompany.imagej.ops.parallel.Parallel,1,2,4,2892
total_op,0,2,4,3349
convolution,1,2,4,2918
net.imagej.ops.Ops.Filter.Convolve,1,2,4,2943
net.imagej.ops.Ops.Filter.Convolve,1,2,4,2948
total_op,1,2,4,3295
write,0,2,5,12055
net.imagej.ops.Ops.Create.ImgFactory,0,1,0,117
create.img,0,1,0,335
read,0,1,0,3374
net.imagej.ops.Ops.Create.Img,0,1,0,261
com.mycompany.imagej.ops.parallel.ThreadedParallel,0,1,0,4983
barrier,0,1,0,0
gather,0,1,0,678
com.mycompany.imagej.ops.parallel.Parallel,0,1,0,5670
convolution,0,1,0,5672
net.imagej.ops.Ops.Filter.Convolve,0,1,0,5678
net.imagej.ops.Ops.Filter.Convolve,0,1,0,5688
total_op,0,1,0,5964
net.imagej.ops.Ops.Create.Img,0,1,1,293
com.mycompany.imagej.ops.parallel.ThreadedParallel,0,1,1,4634
barrier,0,1,1,0
gather,0,1,1,902
com.mycompany.imagej.ops.parallel.Parallel,0,1,1,5543
convolution,0,1,1,5544
net.imagej.ops.Ops.Filter.Convolve,0,1,1,5548
net.imagej.ops.Ops.Filter.Convolve,0,1,1,5553
total_op,0,1,1,5855
net.imagej.ops.Ops.Create.Img,0,1,2,340
com.mycompany.imagej.ops.parallel.ThreadedParallel,0,1,2,4141
barrier,0,1,2,0
gather,0,1,2,746
com.mycompany.imagej.ops.parallel.Parallel,0,1,2,4892
convolution,0,1,2,4893
net.imagej.ops.Ops.Filter.Convolve,0,1,2,4897
net.imagej.ops.Ops.Filter.Convolve,0,1,2,4901
total_op,0,1,2,5248
net.imagej.ops.Ops.Create.Img,0,1,3,340
com.mycompany.imagej.ops.parallel.ThreadedParallel,0,1,3,4023
barrier,0,1,3,0
gather,0,1,3,403
com.mycompany.imagej.ops.parallel.Parallel,0,1,3,4432
convolution,0,1,3,4433
net.imagej.ops.Ops.Filter.Convolve,0,1,3,4437
net.imagej.ops.Ops.Filter.Convolve,0,1,3,4441
total_op,0,1,3,4787
net.imagej.ops.Ops.Create.Img,0,1,4,322
com.mycompany.imagej.ops.parallel.ThreadedParallel,0,1,4,3854
barrier,0,1,4,0
gather,0,1,4,498
com.mycompany.imagej.ops.parallel.Parallel,0,1,4,4358
convolution,0,1,4,4471
net.imagej.ops.Ops.Filter.Convolve,0,1,4,4475
net.imagej.ops.Ops.Filter.Convolve,0,1,4,4480
total_op,0,1,4,4808
write,0,1,5,11907
