read,0,8,0,3589
net.imagej.ops.Ops.Create.Img,0,8,0,440
read,6,8,0,4327
read,4,8,0,4351
read,3,8,0,4354
read,5,8,0,4363
read,7,8,0,4385
read,2,8,0,4391
read,1,8,0,4399
net.imagej.ops.Ops.Create.Img,4,8,0,379
net.imagej.ops.Ops.Create.Img,3,8,0,368
net.imagej.ops.Ops.Create.Img,5,8,0,405
net.imagej.ops.Ops.Create.Img,1,8,0,361
net.imagej.ops.Ops.Create.Img,2,8,0,378
net.imagej.ops.Ops.Create.Img,6,8,0,473
net.imagej.ops.Ops.Create.Img,7,8,0,426
com.mycompany.imagej.ops.parallel.ThreadedParallel,0,8,0,9472
com.mycompany.imagej.ops.parallel.ThreadedParallel,4,8,0,9206
com.mycompany.imagej.ops.parallel.ThreadedParallel,3,8,0,9202
com.mycompany.imagej.ops.parallel.ThreadedParallel,7,8,0,9170
com.mycompany.imagej.ops.parallel.ThreadedParallel,2,8,0,9247
com.mycompany.imagej.ops.parallel.ThreadedParallel,5,8,0,9342
com.mycompany.imagej.ops.parallel.ThreadedParallel,6,8,0,9371
com.mycompany.imagej.ops.parallel.ThreadedParallel,1,8,0,9380
barrier,4,8,0,287
barrier,0,8,0,712
barrier,7,8,0,221
barrier,3,8,0,273
barrier,2,8,0,152
barrier,6,8,0,33
barrier,1,8,0,22
barrier,5,8,0,111
gather,4,8,0,775
com.mycompany.imagej.ops.parallel.Parallel,4,8,0,10327
net.imagej.ops.Ops.Filter.Max,4,8,0,10362
total_op,4,8,0,10788
gather,2,8,0,784
com.mycompany.imagej.ops.parallel.Parallel,2,8,0,10288
net.imagej.ops.Ops.Filter.Max,2,8,0,10345
total_op,2,8,0,10794
gather,6,8,0,796
com.mycompany.imagej.ops.parallel.Parallel,6,8,0,10321
net.imagej.ops.Ops.Filter.Max,6,8,0,10356
total_op,6,8,0,10902
net.imagej.ops.Ops.Create.Img,4,8,1,189
net.imagej.ops.Ops.Create.Img,2,8,1,231
gather,3,8,0,1057
net.imagej.ops.Ops.Create.Img,6,8,1,231
com.mycompany.imagej.ops.parallel.Parallel,3,8,0,10648
net.imagej.ops.Ops.Filter.Max,3,8,0,10708
total_op,3,8,0,11135
gather,5,8,0,1055
com.mycompany.imagej.ops.parallel.Parallel,5,8,0,10650
net.imagej.ops.Ops.Filter.Max,5,8,0,10685
total_op,5,8,0,11140
gather,1,8,0,1150
com.mycompany.imagej.ops.parallel.Parallel,1,8,0,10693
net.imagej.ops.Ops.Filter.Max,1,8,0,10752
total_op,1,8,0,11176
gather,0,8,0,1352
com.mycompany.imagej.ops.parallel.Parallel,0,8,0,11603
net.imagej.ops.Ops.Filter.Max,0,8,0,11637
total_op,0,8,0,12113
net.imagej.ops.Ops.Create.Img,3,8,1,240
net.imagej.ops.Ops.Create.Img,5,8,1,227
net.imagej.ops.Ops.Create.Img,1,8,1,254
gather,7,8,0,1511
com.mycompany.imagej.ops.parallel.Parallel,7,8,0,10981
net.imagej.ops.Ops.Filter.Max,7,8,0,11016
total_op,7,8,0,11509
net.imagej.ops.Ops.Create.Img,0,8,1,214
net.imagej.ops.Ops.Create.Img,7,8,1,203
com.mycompany.imagej.ops.parallel.ThreadedParallel,4,8,1,8538
com.mycompany.imagej.ops.parallel.ThreadedParallel,2,8,1,8794
com.mycompany.imagej.ops.parallel.ThreadedParallel,6,8,1,8925
com.mycompany.imagej.ops.parallel.ThreadedParallel,3,8,1,8783
com.mycompany.imagej.ops.parallel.ThreadedParallel,5,8,1,9012
com.mycompany.imagej.ops.parallel.ThreadedParallel,1,8,1,8984
com.mycompany.imagej.ops.parallel.ThreadedParallel,0,8,1,9141
com.mycompany.imagej.ops.parallel.ThreadedParallel,7,8,1,9309
barrier,7,8,1,0
barrier,6,8,1,1028
barrier,3,8,1,894
barrier,2,8,1,1189
barrier,1,8,1,582
barrier,0,8,1,327
barrier,5,8,1,651
barrier,4,8,1,1546
gather,4,8,1,512
com.mycompany.imagej.ops.parallel.Parallel,4,8,1,10715
net.imagej.ops.Ops.Filter.Max,4,8,1,10730
total_op,4,8,1,10948
gather,6,8,1,717
gather,2,8,1,699
com.mycompany.imagej.ops.parallel.Parallel,6,8,1,10723
com.mycompany.imagej.ops.parallel.Parallel,2,8,1,10766
net.imagej.ops.Ops.Filter.Max,6,8,1,10766
net.imagej.ops.Ops.Filter.Max,2,8,1,10807
total_op,6,8,1,11048
total_op,2,8,1,11089
gather,0,8,1,761
com.mycompany.imagej.ops.parallel.Parallel,0,8,1,10359
net.imagej.ops.Ops.Filter.Max,0,8,1,10373
total_op,0,8,1,10613
gather,5,8,1,800
com.mycompany.imagej.ops.parallel.Parallel,5,8,1,10583
net.imagej.ops.Ops.Filter.Max,5,8,1,10598
total_op,5,8,1,10857
gather,1,8,1,848
com.mycompany.imagej.ops.parallel.Parallel,1,8,1,10501
net.imagej.ops.Ops.Filter.Max,1,8,1,10516
total_op,1,8,1,10795
gather,7,8,1,941
gather,3,8,1,915
com.mycompany.imagej.ops.parallel.Parallel,7,8,1,10286
net.imagej.ops.Ops.Create.Img,4,8,2,357
com.mycompany.imagej.ops.parallel.Parallel,3,8,1,10671
net.imagej.ops.Ops.Filter.Max,7,8,1,10331
net.imagej.ops.Ops.Filter.Max,3,8,1,10728
total_op,7,8,1,10600
total_op,3,8,1,11019
net.imagej.ops.Ops.Create.Img,5,8,2,294
net.imagej.ops.Ops.Create.Img,6,8,2,368
net.imagej.ops.Ops.Create.Img,0,8,2,330
net.imagej.ops.Ops.Create.Img,2,8,2,373
net.imagej.ops.Ops.Create.Img,1,8,2,376
net.imagej.ops.Ops.Create.Img,3,8,2,290
net.imagej.ops.Ops.Create.Img,7,8,2,370
com.mycompany.imagej.ops.parallel.ThreadedParallel,4,8,2,8600
com.mycompany.imagej.ops.parallel.ThreadedParallel,2,8,2,8817
com.mycompany.imagej.ops.parallel.ThreadedParallel,5,8,2,8885
com.mycompany.imagej.ops.parallel.ThreadedParallel,6,8,2,9108
com.mycompany.imagej.ops.parallel.ThreadedParallel,0,8,2,9172
com.mycompany.imagej.ops.parallel.ThreadedParallel,1,8,2,9126
com.mycompany.imagej.ops.parallel.ThreadedParallel,3,8,2,9445
com.mycompany.imagej.ops.parallel.ThreadedParallel,7,8,2,9528
barrier,7,8,2,0
barrier,6,8,2,633
barrier,0,8,2,559
barrier,3,8,2,146
barrier,4,8,2,1367
barrier,5,8,2,872
barrier,1,8,2,532
barrier,2,8,2,900
gather,4,8,2,546
com.mycompany.imagej.ops.parallel.Parallel,4,8,2,10602
net.imagej.ops.Ops.Filter.Max,4,8,2,10616
total_op,4,8,2,11010
gather,2,8,2,681
gather,6,8,2,757
com.mycompany.imagej.ops.parallel.Parallel,2,8,2,10520
com.mycompany.imagej.ops.parallel.Parallel,6,8,2,10561
net.imagej.ops.Ops.Filter.Max,2,8,2,10562
net.imagej.ops.Ops.Filter.Max,6,8,2,10603
total_op,2,8,2,10995
gather,0,8,2,826
total_op,6,8,2,11033
net.imagej.ops.Ops.Create.Img,4,8,3,260
com.mycompany.imagej.ops.parallel.Parallel,0,8,2,10637
gather,1,8,2,832
gather,5,8,2,866
net.imagej.ops.Ops.Filter.Max,0,8,2,10692
com.mycompany.imagej.ops.parallel.Parallel,1,8,2,10623
com.mycompany.imagej.ops.parallel.Parallel,5,8,2,10733
total_op,0,8,2,11108
gather,7,8,2,974
gather,3,8,2,940
net.imagej.ops.Ops.Filter.Max,1,8,2,10679
net.imagej.ops.Ops.Filter.Max,5,8,2,10790
com.mycompany.imagej.ops.parallel.Parallel,7,8,2,10577
com.mycompany.imagej.ops.parallel.Parallel,3,8,2,10655
total_op,1,8,2,11146
total_op,5,8,2,11176
net.imagej.ops.Ops.Create.Img,2,8,3,198
net.imagej.ops.Ops.Filter.Max,7,8,2,10645
net.imagej.ops.Ops.Filter.Max,3,8,2,10725
net.imagej.ops.Ops.Create.Img,6,8,3,196
total_op,7,8,2,11106
total_op,3,8,2,11106
net.imagej.ops.Ops.Create.Img,0,8,3,215
net.imagej.ops.Ops.Create.Img,1,8,3,199
net.imagej.ops.Ops.Create.Img,5,8,3,227
net.imagej.ops.Ops.Create.Img,3,8,3,217
net.imagej.ops.Ops.Create.Img,7,8,3,252
com.mycompany.imagej.ops.parallel.ThreadedParallel,4,8,3,8647
com.mycompany.imagej.ops.parallel.ThreadedParallel,2,8,3,8836
com.mycompany.imagej.ops.parallel.ThreadedParallel,5,8,3,8679
com.mycompany.imagej.ops.parallel.ThreadedParallel,6,8,3,8937
com.mycompany.imagej.ops.parallel.ThreadedParallel,0,8,3,8972
com.mycompany.imagej.ops.parallel.ThreadedParallel,1,8,3,8966
com.mycompany.imagej.ops.parallel.ThreadedParallel,3,8,3,8971
com.mycompany.imagej.ops.parallel.ThreadedParallel,7,8,3,9054
barrier,7,8,3,0
barrier,3,8,3,100
barrier,6,8,3,396
barrier,0,8,3,293
barrier,1,8,3,214
barrier,5,8,3,464
barrier,2,8,3,543
barrier,4,8,3,952
gather,4,8,3,683
com.mycompany.imagej.ops.parallel.Parallel,4,8,3,10398
net.imagej.ops.Ops.Filter.Max,4,8,3,10409
total_op,4,8,3,10713
gather,6,8,3,889
com.mycompany.imagej.ops.parallel.Parallel,6,8,3,10291
net.imagej.ops.Ops.Filter.Max,6,8,3,10301
total_op,6,8,3,10585
net.imagej.ops.Ops.Create.Img,4,8,4,226
gather,0,8,3,971
gather,1,8,3,959
gather,2,8,3,942
com.mycompany.imagej.ops.parallel.Parallel,0,8,3,10329
com.mycompany.imagej.ops.parallel.Parallel,1,8,3,10260
com.mycompany.imagej.ops.parallel.Parallel,2,8,3,10469
gather,3,8,3,1061
net.imagej.ops.Ops.Filter.Max,0,8,3,10380
net.imagej.ops.Ops.Filter.Max,1,8,3,10311
net.imagej.ops.Ops.Filter.Max,2,8,3,10520
com.mycompany.imagej.ops.parallel.Parallel,3,8,3,10220
net.imagej.ops.Ops.Create.Img,6,8,4,192
total_op,0,8,3,10675
total_op,1,8,3,10590
total_op,2,8,3,10844
gather,7,8,3,1183
net.imagej.ops.Ops.Filter.Max,3,8,3,10285
com.mycompany.imagej.ops.parallel.Parallel,7,8,3,10326
total_op,3,8,3,10609
net.imagej.ops.Ops.Filter.Max,7,8,3,10361
gather,5,8,3,1214
total_op,7,8,3,10661
com.mycompany.imagej.ops.parallel.Parallel,5,8,3,10483
net.imagej.ops.Ops.Filter.Max,5,8,3,10523
total_op,5,8,3,10774
net.imagej.ops.Ops.Create.Img,0,8,4,203
net.imagej.ops.Ops.Create.Img,1,8,4,214
net.imagej.ops.Ops.Create.Img,2,8,4,202
net.imagej.ops.Ops.Create.Img,3,8,4,214
net.imagej.ops.Ops.Create.Img,5,8,4,208
net.imagej.ops.Ops.Create.Img,7,8,4,236
com.mycompany.imagej.ops.parallel.ThreadedParallel,4,8,4,8596
com.mycompany.imagej.ops.parallel.ThreadedParallel,2,8,4,8658
com.mycompany.imagej.ops.parallel.ThreadedParallel,5,8,4,8600
com.mycompany.imagej.ops.parallel.ThreadedParallel,3,8,4,8725
com.mycompany.imagej.ops.parallel.ThreadedParallel,0,8,4,8813
com.mycompany.imagej.ops.parallel.ThreadedParallel,6,8,4,9235
com.mycompany.imagej.ops.parallel.ThreadedParallel,1,8,4,9027
com.mycompany.imagej.ops.parallel.ThreadedParallel,7,8,4,9051
barrier,7,8,4,0
barrier,6,8,4,218
barrier,3,8,4,395
barrier,0,8,4,377
barrier,1,8,4,146
barrier,4,8,4,1023
barrier,2,8,4,505
barrier,5,8,4,469
gather,4,8,4,532
com.mycompany.imagej.ops.parallel.Parallel,4,8,4,10255
net.imagej.ops.Ops.Filter.Max,4,8,4,10265
total_op,4,8,4,10517
gather,2,8,4,679
gather,6,8,4,750
com.mycompany.imagej.ops.parallel.Parallel,2,8,4,9955
com.mycompany.imagej.ops.parallel.Parallel,6,8,4,10261
net.imagej.ops.Ops.Filter.Max,2,8,4,9994
net.imagej.ops.Ops.Filter.Max,6,8,4,10299
total_op,2,8,4,10276
total_op,6,8,4,10591
gather,0,8,4,819
gather,1,8,4,828
gather,5,8,4,791
com.mycompany.imagej.ops.parallel.Parallel,0,8,4,10099
com.mycompany.imagej.ops.parallel.Parallel,1,8,4,10098
com.mycompany.imagej.ops.parallel.Parallel,5,8,4,10002
net.imagej.ops.Ops.Filter.Max,0,8,4,10147
net.imagej.ops.Ops.Filter.Max,1,8,4,10146
gather,3,8,4,918
gather,7,8,4,949
net.imagej.ops.Ops.Filter.Max,5,8,4,10049
total_op,0,8,4,10438
total_op,1,8,4,10437
com.mycompany.imagej.ops.parallel.Parallel,3,8,4,10137
com.mycompany.imagej.ops.parallel.Parallel,7,8,4,10080
total_op,5,8,4,10352
net.imagej.ops.Ops.Filter.Max,3,8,4,10232
net.imagej.ops.Ops.Filter.Max,7,8,4,10175
total_op,3,8,4,10510
total_op,7,8,4,10479
write,0,8,5,9267
read,4,7,0,3437
read,6,7,0,3446
read,3,7,0,3456
read,1,7,0,3467
read,2,7,0,3534
read,0,7,0,3560
read,5,7,0,3596
net.imagej.ops.Ops.Create.Img,4,7,0,371
net.imagej.ops.Ops.Create.Img,6,7,0,369
net.imagej.ops.Ops.Create.Img,3,7,0,385
net.imagej.ops.Ops.Create.Img,1,7,0,386
net.imagej.ops.Ops.Create.Img,2,7,0,403
net.imagej.ops.Ops.Create.Img,0,7,0,396
net.imagej.ops.Ops.Create.Img,5,7,0,363
com.mycompany.imagej.ops.parallel.ThreadedParallel,3,7,0,10227
com.mycompany.imagej.ops.parallel.ThreadedParallel,1,7,0,10571
com.mycompany.imagej.ops.parallel.ThreadedParallel,4,7,0,10699
com.mycompany.imagej.ops.parallel.ThreadedParallel,6,7,0,10854
com.mycompany.imagej.ops.parallel.ThreadedParallel,2,7,0,10740
com.mycompany.imagej.ops.parallel.ThreadedParallel,0,7,0,11518
com.mycompany.imagej.ops.parallel.ThreadedParallel,5,7,0,11671
barrier,1,7,0,1252
barrier,5,7,0,42
barrier,2,7,0,1001
barrier,0,7,0,212
barrier,4,7,0,1194
barrier,6,7,0,1022
barrier,3,7,0,1631
gather,2,7,0,946
gather,5,7,0,964
com.mycompany.imagej.ops.parallel.Parallel,2,7,0,12775
com.mycompany.imagej.ops.parallel.Parallel,5,7,0,12749
net.imagej.ops.Ops.Filter.Max,2,7,0,12833
net.imagej.ops.Ops.Filter.Max,5,7,0,12807
gather,4,7,0,979
total_op,2,7,0,13309
total_op,5,7,0,13254
com.mycompany.imagej.ops.parallel.Parallel,4,7,0,12984
gather,3,7,0,980
net.imagej.ops.Ops.Filter.Max,4,7,0,13054
com.mycompany.imagej.ops.parallel.Parallel,3,7,0,12991
total_op,4,7,0,13502
net.imagej.ops.Ops.Filter.Max,3,7,0,13055
total_op,3,7,0,13514
gather,6,7,0,1186
gather,1,7,0,1260
com.mycompany.imagej.ops.parallel.Parallel,6,7,0,13177
com.mycompany.imagej.ops.parallel.Parallel,1,7,0,13147
net.imagej.ops.Ops.Create.Img,2,7,1,213
net.imagej.ops.Ops.Filter.Max,6,7,0,13242
net.imagej.ops.Ops.Filter.Max,1,7,0,13210
total_op,6,7,0,13698
total_op,1,7,0,13685
gather,0,7,0,1325
net.imagej.ops.Ops.Create.Img,3,7,1,208
net.imagej.ops.Ops.Create.Img,5,7,1,300
net.imagej.ops.Ops.Create.Img,4,7,1,234
com.mycompany.imagej.ops.parallel.Parallel,0,7,0,13167
net.imagej.ops.Ops.Filter.Max,0,7,0,13259
total_op,0,7,0,13702
net.imagej.ops.Ops.Create.Img,1,7,1,192
net.imagej.ops.Ops.Create.Img,6,7,1,225
net.imagej.ops.Ops.Create.Img,0,7,1,213
com.mycompany.imagej.ops.parallel.ThreadedParallel,3,7,1,10090
com.mycompany.imagej.ops.parallel.ThreadedParallel,2,7,1,10201
com.mycompany.imagej.ops.parallel.ThreadedParallel,4,7,1,10294
com.mycompany.imagej.ops.parallel.ThreadedParallel,1,7,1,10155
com.mycompany.imagej.ops.parallel.ThreadedParallel,5,7,1,10403
com.mycompany.imagej.ops.parallel.ThreadedParallel,6,7,1,10544
com.mycompany.imagej.ops.parallel.ThreadedParallel,0,7,1,11021
barrier,0,7,1,0
barrier,6,7,1,586
barrier,2,7,1,1222
barrier,5,7,1,917
barrier,3,7,1,1243
barrier,1,7,1,992
barrier,4,7,1,1004
gather,4,7,1,510
com.mycompany.imagej.ops.parallel.Parallel,4,7,1,11906
net.imagej.ops.Ops.Filter.Max,4,7,1,11924
total_op,4,7,1,12223
gather,6,7,1,698
gather,2,7,1,685
com.mycompany.imagej.ops.parallel.Parallel,6,7,1,11879
com.mycompany.imagej.ops.parallel.Parallel,2,7,1,12188
net.imagej.ops.Ops.Filter.Max,6,7,1,11922
gather,0,7,1,763
net.imagej.ops.Ops.Filter.Max,2,7,1,12229
total_op,6,7,1,12201
com.mycompany.imagej.ops.parallel.Parallel,0,7,1,11840
total_op,2,7,1,12530
net.imagej.ops.Ops.Filter.Max,0,7,1,11929
total_op,0,7,1,12196
gather,3,7,1,835
gather,5,7,1,854
com.mycompany.imagej.ops.parallel.Parallel,3,7,1,12258
net.imagej.ops.Ops.Create.Img,4,7,2,307
com.mycompany.imagej.ops.parallel.Parallel,5,7,1,12257
gather,1,7,1,857
net.imagej.ops.Ops.Filter.Max,3,7,1,12301
net.imagej.ops.Ops.Filter.Max,5,7,1,12312
com.mycompany.imagej.ops.parallel.Parallel,1,7,1,12140
total_op,3,7,1,12602
total_op,5,7,1,12706
net.imagej.ops.Ops.Filter.Max,1,7,1,12196
total_op,1,7,1,12456
net.imagej.ops.Ops.Create.Img,0,7,2,287
net.imagej.ops.Ops.Create.Img,6,7,2,333
net.imagej.ops.Ops.Create.Img,2,7,2,336
net.imagej.ops.Ops.Create.Img,3,7,2,251
net.imagej.ops.Ops.Create.Img,5,7,2,293
net.imagej.ops.Ops.Create.Img,1,7,2,307
com.mycompany.imagej.ops.parallel.ThreadedParallel,3,7,2,9672
com.mycompany.imagej.ops.parallel.ThreadedParallel,4,7,2,10043
com.mycompany.imagej.ops.parallel.ThreadedParallel,6,7,2,10224
com.mycompany.imagej.ops.parallel.ThreadedParallel,2,7,2,10328
com.mycompany.imagej.ops.parallel.ThreadedParallel,1,7,2,10417
com.mycompany.imagej.ops.parallel.ThreadedParallel,5,7,2,11066
com.mycompany.imagej.ops.parallel.ThreadedParallel,0,7,2,11984
barrier,0,7,2,0
barrier,1,7,2,1361
barrier,5,7,2,738
barrier,6,7,2,1745
barrier,4,7,2,2169
barrier,3,7,2,2188
barrier,2,7,2,1623
gather,4,7,2,540
com.mycompany.imagej.ops.parallel.Parallel,4,7,2,12848
net.imagej.ops.Ops.Filter.Max,4,7,2,12862
total_op,4,7,2,13222
gather,0,7,2,681
com.mycompany.imagej.ops.parallel.Parallel,0,7,2,12703
net.imagej.ops.Ops.Filter.Max,0,7,2,12716
total_op,0,7,2,13027
gather,6,7,2,722
gather,2,7,2,678
com.mycompany.imagej.ops.parallel.Parallel,6,7,2,12772
com.mycompany.imagej.ops.parallel.Parallel,2,7,2,12767
net.imagej.ops.Ops.Filter.Max,6,7,2,12814
net.imagej.ops.Ops.Create.Img,4,7,3,193
net.imagej.ops.Ops.Filter.Max,2,7,2,12809
gather,3,7,2,763
total_op,6,7,2,13211
gather,5,7,2,816
gather,1,7,2,831
total_op,2,7,2,13211
com.mycompany.imagej.ops.parallel.Parallel,3,7,2,12761
com.mycompany.imagej.ops.parallel.Parallel,5,7,2,12733
com.mycompany.imagej.ops.parallel.Parallel,1,7,2,12718
net.imagej.ops.Ops.Create.Img,0,7,3,221
net.imagej.ops.Ops.Filter.Max,3,7,2,12842
net.imagej.ops.Ops.Filter.Max,5,7,2,12801
net.imagej.ops.Ops.Filter.Max,1,7,2,12785
total_op,3,7,2,13173
total_op,5,7,2,13173
total_op,1,7,2,13170
net.imagej.ops.Ops.Create.Img,6,7,3,192
net.imagej.ops.Ops.Create.Img,2,7,3,298
net.imagej.ops.Ops.Create.Img,5,7,3,183
net.imagej.ops.Ops.Create.Img,3,7,3,219
net.imagej.ops.Ops.Create.Img,1,7,3,209
com.mycompany.imagej.ops.parallel.ThreadedParallel,3,7,3,9638
com.mycompany.imagej.ops.parallel.ThreadedParallel,4,7,3,10192
com.mycompany.imagej.ops.parallel.ThreadedParallel,1,7,3,10116
com.mycompany.imagej.ops.parallel.ThreadedParallel,2,7,3,10177
com.mycompany.imagej.ops.parallel.ThreadedParallel,6,7,3,10511
com.mycompany.imagej.ops.parallel.ThreadedParallel,5,7,3,10391
com.mycompany.imagej.ops.parallel.ThreadedParallel,0,7,3,11719
barrier,4,7,3,1662
barrier,6,7,3,1089
barrier,2,7,3,1279
barrier,0,7,3,27
barrier,5,7,3,1075
barrier,3,7,3,1814
barrier,1,7,3,1324
gather,4,7,3,721
com.mycompany.imagej.ops.parallel.Parallel,4,7,3,12626
net.imagej.ops.Ops.Filter.Max,4,7,3,12636
total_op,4,7,3,12878
gather,6,7,3,907
net.imagej.ops.Ops.Create.Img,4,7,4,193
com.mycompany.imagej.ops.parallel.Parallel,6,7,3,12576
net.imagej.ops.Ops.Filter.Max,6,7,3,12615
gather,2,7,3,937
total_op,6,7,3,12832
com.mycompany.imagej.ops.parallel.Parallel,2,7,3,12474
gather,0,7,3,954
net.imagej.ops.Ops.Filter.Max,2,7,3,12514
com.mycompany.imagej.ops.parallel.Parallel,0,7,3,12786
total_op,2,7,3,12869
net.imagej.ops.Ops.Filter.Max,0,7,3,12826
total_op,0,7,3,13146
gather,5,7,3,1048
gather,1,7,3,1029
com.mycompany.imagej.ops.parallel.Parallel,5,7,3,12601
com.mycompany.imagej.ops.parallel.Parallel,1,7,3,12586
net.imagej.ops.Ops.Filter.Max,5,7,3,12636
net.imagej.ops.Ops.Filter.Max,1,7,3,12619
total_op,5,7,3,12876
total_op,1,7,3,12879
gather,3,7,3,1117
net.imagej.ops.Ops.Create.Img,6,7,4,191
com.mycompany.imagej.ops.parallel.Parallel,3,7,3,12687
net.imagej.ops.Ops.Filter.Max,3,7,3,12724
total_op,3,7,3,12969
net.imagej.ops.Ops.Create.Img,2,7,4,222
net.imagej.ops.Ops.Create.Img,0,7,4,255
net.imagej.ops.Ops.Create.Img,5,7,4,183
net.imagej.ops.Ops.Create.Img,1,7,4,204
net.imagej.ops.Ops.Create.Img,3,7,4,220
com.mycompany.imagej.ops.parallel.ThreadedParallel,4,7,4,10254
com.mycompany.imagej.ops.parallel.ThreadedParallel,2,7,4,9909
com.mycompany.imagej.ops.parallel.ThreadedParallel,3,7,4,9755
com.mycompany.imagej.ops.parallel.ThreadedParallel,6,7,4,10022
com.mycompany.imagej.ops.parallel.ThreadedParallel,1,7,4,10372
com.mycompany.imagej.ops.parallel.ThreadedParallel,5,7,4,10728
com.mycompany.imagej.ops.parallel.ThreadedParallel,0,7,4,11793
barrier,0,7,4,0
barrier,6,7,4,1899
barrier,4,7,4,1954
barrier,2,7,4,1935
barrier,1,7,4,1358
barrier,5,7,4,1034
barrier,3,7,4,1913
gather,4,7,4,545
com.mycompany.imagej.ops.parallel.Parallel,4,7,4,12820
net.imagej.ops.Ops.Filter.Max,4,7,4,12830
total_op,4,7,4,13050
gather,2,7,4,670
gather,6,7,4,700
com.mycompany.imagej.ops.parallel.Parallel,2,7,4,12589
com.mycompany.imagej.ops.parallel.Parallel,6,7,4,12685
net.imagej.ops.Ops.Filter.Max,2,7,4,12628
gather,0,7,4,764
net.imagej.ops.Ops.Filter.Max,6,7,4,12725
total_op,2,7,4,12906
com.mycompany.imagej.ops.parallel.Parallel,0,7,4,12616
total_op,6,7,4,13010
net.imagej.ops.Ops.Filter.Max,0,7,4,12667
total_op,0,7,4,12974
gather,3,7,4,789
gather,1,7,4,823
gather,5,7,4,812
com.mycompany.imagej.ops.parallel.Parallel,3,7,4,12574
com.mycompany.imagej.ops.parallel.Parallel,1,7,4,12652
com.mycompany.imagej.ops.parallel.Parallel,5,7,4,12693
net.imagej.ops.Ops.Filter.Max,3,7,4,12625
net.imagej.ops.Ops.Filter.Max,1,7,4,12703
net.imagej.ops.Ops.Filter.Max,5,7,4,12744
total_op,3,7,4,12911
total_op,1,7,4,12968
total_op,5,7,4,12993
write,0,7,5,9800
read,0,6,0,3505
read,2,6,0,3517
read,1,6,0,3550
read,3,6,0,3561
read,4,6,0,3588
read,5,6,0,3590
net.imagej.ops.Ops.Create.Img,0,6,0,419
net.imagej.ops.Ops.Create.Img,2,6,0,400
net.imagej.ops.Ops.Create.Img,1,6,0,375
net.imagej.ops.Ops.Create.Img,4,6,0,390
net.imagej.ops.Ops.Create.Img,5,6,0,387
net.imagej.ops.Ops.Create.Img,3,6,0,437
com.mycompany.imagej.ops.parallel.ThreadedParallel,3,6,0,12128
com.mycompany.imagej.ops.parallel.ThreadedParallel,1,6,0,12333
com.mycompany.imagej.ops.parallel.ThreadedParallel,4,6,0,12733
com.mycompany.imagej.ops.parallel.ThreadedParallel,0,6,0,13191
com.mycompany.imagej.ops.parallel.ThreadedParallel,2,6,0,13688
com.mycompany.imagej.ops.parallel.ThreadedParallel,5,6,0,14194
barrier,3,6,0,2085
barrier,5,6,0,27
barrier,1,6,0,1932
barrier,0,6,0,1112
barrier,2,6,0,602
barrier,4,6,0,1510
gather,2,6,0,883
com.mycompany.imagej.ops.parallel.Parallel,2,6,0,15272
net.imagej.ops.Ops.Filter.Max,2,6,0,15306
total_op,2,6,0,15763
gather,5,6,0,1063
com.mycompany.imagej.ops.parallel.Parallel,5,6,0,15344
net.imagej.ops.Ops.Filter.Max,5,6,0,15379
total_op,5,6,0,15814
gather,4,6,0,1056
com.mycompany.imagej.ops.parallel.Parallel,4,6,0,15408
net.imagej.ops.Ops.Filter.Max,4,6,0,15443
total_op,4,6,0,15878
gather,0,6,0,1104
com.mycompany.imagej.ops.parallel.Parallel,0,6,0,15493
gather,3,6,0,1163
net.imagej.ops.Ops.Filter.Max,0,6,0,15528
com.mycompany.imagej.ops.parallel.Parallel,3,6,0,15417
total_op,0,6,0,16024
net.imagej.ops.Ops.Create.Img,2,6,1,240
gather,1,6,0,1177
net.imagej.ops.Ops.Filter.Max,3,6,0,15478
com.mycompany.imagej.ops.parallel.Parallel,1,6,0,15549
total_op,3,6,0,16021
net.imagej.ops.Ops.Filter.Max,1,6,0,15613
total_op,1,6,0,16080
net.imagej.ops.Ops.Create.Img,5,6,1,268
net.imagej.ops.Ops.Create.Img,4,6,1,268
net.imagej.ops.Ops.Create.Img,0,6,1,278
net.imagej.ops.Ops.Create.Img,3,6,1,275
net.imagej.ops.Ops.Create.Img,1,6,1,277
com.mycompany.imagej.ops.parallel.ThreadedParallel,1,6,1,11710
com.mycompany.imagej.ops.parallel.ThreadedParallel,3,6,1,12128
com.mycompany.imagej.ops.parallel.ThreadedParallel,4,6,1,13012
com.mycompany.imagej.ops.parallel.ThreadedParallel,5,6,1,13160
com.mycompany.imagej.ops.parallel.ThreadedParallel,0,6,1,13134
com.mycompany.imagej.ops.parallel.ThreadedParallel,2,6,1,13983
barrier,2,6,1,0
barrier,3,6,1,1502
barrier,4,6,1,770
barrier,1,6,1,1918
barrier,5,6,1,678
barrier,0,6,1,565
gather,2,6,1,636
gather,4,6,1,609
com.mycompany.imagej.ops.parallel.Parallel,2,6,1,14657
com.mycompany.imagej.ops.parallel.Parallel,4,6,1,14470
net.imagej.ops.Ops.Filter.Max,2,6,1,14696
net.imagej.ops.Ops.Filter.Max,4,6,1,14508
total_op,2,6,1,14998
total_op,4,6,1,14823
gather,0,6,1,644
com.mycompany.imagej.ops.parallel.Parallel,0,6,1,14472
net.imagej.ops.Ops.Filter.Max,0,6,1,14487
total_op,0,6,1,14791
gather,3,6,1,861
gather,1,6,1,839
gather,5,6,1,828
com.mycompany.imagej.ops.parallel.Parallel,3,6,1,14546
com.mycompany.imagej.ops.parallel.Parallel,1,6,1,14543
com.mycompany.imagej.ops.parallel.Parallel,5,6,1,14778
net.imagej.ops.Ops.Filter.Max,3,6,1,14601
net.imagej.ops.Ops.Filter.Max,1,6,1,14596
net.imagej.ops.Ops.Filter.Max,5,6,1,14830
total_op,3,6,1,14938
total_op,1,6,1,14935
total_op,5,6,1,15159
net.imagej.ops.Ops.Create.Img,4,6,2,308
net.imagej.ops.Ops.Create.Img,0,6,2,336
net.imagej.ops.Ops.Create.Img,2,6,2,379
net.imagej.ops.Ops.Create.Img,3,6,2,302
net.imagej.ops.Ops.Create.Img,1,6,2,300
net.imagej.ops.Ops.Create.Img,5,6,2,322
com.mycompany.imagej.ops.parallel.ThreadedParallel,3,6,2,11421
com.mycompany.imagej.ops.parallel.ThreadedParallel,4,6,2,12212
com.mycompany.imagej.ops.parallel.ThreadedParallel,1,6,2,11996
com.mycompany.imagej.ops.parallel.ThreadedParallel,0,6,2,12497
com.mycompany.imagej.ops.parallel.ThreadedParallel,2,6,2,13562
com.mycompany.imagej.ops.parallel.ThreadedParallel,5,6,2,13313
barrier,5,6,2,0
barrier,0,6,2,1094
barrier,4,6,2,1428
barrier,3,6,2,1956
barrier,2,6,2,14
barrier,1,6,2,1362
gather,4,6,2,531
com.mycompany.imagej.ops.parallel.Parallel,4,6,2,14237
net.imagej.ops.Ops.Filter.Max,4,6,2,14251
total_op,4,6,2,14582
gather,2,6,2,534
com.mycompany.imagej.ops.parallel.Parallel,2,6,2,14204
net.imagej.ops.Ops.Filter.Max,2,6,2,14218
total_op,2,6,2,14627
net.imagej.ops.Ops.Create.Img,4,6,3,199
gather,0,6,2,772
com.mycompany.imagej.ops.parallel.Parallel,0,6,2,14424
net.imagej.ops.Ops.Filter.Max,0,6,2,14438
total_op,0,6,2,14801
net.imagej.ops.Ops.Create.Img,2,6,3,270
gather,3,6,2,853
gather,1,6,2,831
gather,5,6,2,901
com.mycompany.imagej.ops.parallel.Parallel,3,6,2,14307
com.mycompany.imagej.ops.parallel.Parallel,1,6,2,14308
com.mycompany.imagej.ops.parallel.Parallel,5,6,2,14292
net.imagej.ops.Ops.Filter.Max,3,6,2,14362
net.imagej.ops.Ops.Filter.Max,1,6,2,14363
net.imagej.ops.Ops.Filter.Max,5,6,2,14347
total_op,3,6,2,14731
total_op,1,6,2,14733
total_op,5,6,2,14733
net.imagej.ops.Ops.Create.Img,0,6,3,232
net.imagej.ops.Ops.Create.Img,1,6,3,241
net.imagej.ops.Ops.Create.Img,5,6,3,240
net.imagej.ops.Ops.Create.Img,3,6,3,284
com.mycompany.imagej.ops.parallel.ThreadedParallel,4,6,3,12362
com.mycompany.imagej.ops.parallel.ThreadedParallel,3,6,3,11937
com.mycompany.imagej.ops.parallel.ThreadedParallel,0,6,3,12339
com.mycompany.imagej.ops.parallel.ThreadedParallel,1,6,3,12196
com.mycompany.imagej.ops.parallel.ThreadedParallel,2,6,3,13420
com.mycompany.imagej.ops.parallel.ThreadedParallel,5,6,3,13127
barrier,5,6,3,0
barrier,2,6,3,136
barrier,0,6,3,1033
barrier,3,6,3,1078
barrier,4,6,3,1272
barrier,1,6,3,940
gather,2,6,3,960
gather,0,6,3,946
com.mycompany.imagej.ops.parallel.Parallel,2,6,3,14563
com.mycompany.imagej.ops.parallel.Parallel,0,6,3,14394
net.imagej.ops.Ops.Filter.Max,2,6,3,14602
net.imagej.ops.Ops.Filter.Max,0,6,3,14434
gather,4,6,3,977
gather,1,6,3,977
total_op,2,6,3,14928
total_op,0,6,3,14738
com.mycompany.imagej.ops.parallel.Parallel,4,6,3,14725
com.mycompany.imagej.ops.parallel.Parallel,1,6,3,14248
net.imagej.ops.Ops.Filter.Max,4,6,3,14824
gather,3,6,3,1099
net.imagej.ops.Ops.Filter.Max,1,6,3,14315
total_op,4,6,3,15071
com.mycompany.imagej.ops.parallel.Parallel,3,6,3,14305
total_op,1,6,3,14624
net.imagej.ops.Ops.Filter.Max,3,6,3,14358
total_op,3,6,3,14695
gather,5,6,3,1288
com.mycompany.imagej.ops.parallel.Parallel,5,6,3,14450
net.imagej.ops.Ops.Filter.Max,5,6,3,14461
total_op,5,6,3,14727
net.imagej.ops.Ops.Create.Img,2,6,4,218
net.imagej.ops.Ops.Create.Img,0,6,4,222
net.imagej.ops.Ops.Create.Img,4,6,4,212
net.imagej.ops.Ops.Create.Img,3,6,4,190
net.imagej.ops.Ops.Create.Img,1,6,4,208
net.imagej.ops.Ops.Create.Img,5,6,4,247
com.mycompany.imagej.ops.parallel.ThreadedParallel,3,6,4,11522
com.mycompany.imagej.ops.parallel.ThreadedParallel,4,6,4,11911
com.mycompany.imagej.ops.parallel.ThreadedParallel,1,6,4,12124
com.mycompany.imagej.ops.parallel.ThreadedParallel,0,6,4,12589
com.mycompany.imagej.ops.parallel.ThreadedParallel,5,6,4,13267
com.mycompany.imagej.ops.parallel.ThreadedParallel,2,6,4,13563
barrier,2,6,4,0
barrier,3,6,4,1923
barrier,1,6,4,1301
barrier,5,6,4,52
barrier,0,6,4,948
barrier,4,6,4,1526
gather,2,6,4,568
com.mycompany.imagej.ops.parallel.Parallel,2,6,4,14164
net.imagej.ops.Ops.Filter.Max,2,6,4,14174
total_op,2,6,4,14414
gather,4,6,4,539
com.mycompany.imagej.ops.parallel.Parallel,4,6,4,14081
net.imagej.ops.Ops.Filter.Max,4,6,4,14118
total_op,4,6,4,14354
gather,0,6,4,682
com.mycompany.imagej.ops.parallel.Parallel,0,6,4,14315
net.imagej.ops.Ops.Filter.Max,0,6,4,14326
total_op,0,6,4,14573
gather,3,6,4,852
gather,5,6,4,829
gather,1,6,4,854
com.mycompany.imagej.ops.parallel.Parallel,3,6,4,14342
com.mycompany.imagej.ops.parallel.Parallel,5,6,4,14244
com.mycompany.imagej.ops.parallel.Parallel,1,6,4,14355
net.imagej.ops.Ops.Filter.Max,3,6,4,14394
net.imagej.ops.Ops.Filter.Max,5,6,4,14296
net.imagej.ops.Ops.Filter.Max,1,6,4,14407
total_op,3,6,4,14653
total_op,5,6,4,14609
total_op,1,6,4,14697
write,0,6,5,8742
read,2,5,0,3419
read,3,5,0,3449
read,0,5,0,3469
read,4,5,0,3520
read,1,5,0,3619
net.imagej.ops.Ops.Create.Img,3,5,0,364
net.imagej.ops.Ops.Create.Img,0,5,0,330
net.imagej.ops.Ops.Create.Img,2,5,0,443
net.imagej.ops.Ops.Create.Img,4,5,0,415
net.imagej.ops.Ops.Create.Img,1,5,0,407
com.mycompany.imagej.ops.parallel.ThreadedParallel,1,5,0,14470
com.mycompany.imagej.ops.parallel.ThreadedParallel,4,5,0,14676
com.mycompany.imagej.ops.parallel.ThreadedParallel,2,5,0,14749
com.mycompany.imagej.ops.parallel.ThreadedParallel,3,5,0,14907
com.mycompany.imagej.ops.parallel.ThreadedParallel,0,5,0,15437
barrier,2,5,0,699
barrier,0,5,0,28
barrier,4,5,0,752
barrier,3,5,0,571
barrier,1,5,0,934
gather,2,5,0,827
com.mycompany.imagej.ops.parallel.Parallel,2,5,0,16328
net.imagej.ops.Ops.Filter.Max,2,5,0,16363
total_op,2,5,0,16965
gather,0,5,0,868
com.mycompany.imagej.ops.parallel.Parallel,0,5,0,16401
net.imagej.ops.Ops.Filter.Max,0,5,0,16436
total_op,0,5,0,16952
gather,4,5,0,883
com.mycompany.imagej.ops.parallel.Parallel,4,5,0,16402
net.imagej.ops.Ops.Filter.Max,4,5,0,16438
total_op,4,5,0,16941
gather,1,5,0,934
com.mycompany.imagej.ops.parallel.Parallel,1,5,0,16436
net.imagej.ops.Ops.Filter.Max,1,5,0,16471
total_op,1,5,0,16924
net.imagej.ops.Ops.Create.Img,2,5,1,214
net.imagej.ops.Ops.Create.Img,1,5,1,212
net.imagej.ops.Ops.Create.Img,4,5,1,296
net.imagej.ops.Ops.Create.Img,0,5,1,337
gather,3,5,0,1203
com.mycompany.imagej.ops.parallel.Parallel,3,5,0,16802
net.imagej.ops.Ops.Filter.Max,3,5,0,16836
total_op,3,5,0,17368
net.imagej.ops.Ops.Create.Img,3,5,1,295
com.mycompany.imagej.ops.parallel.ThreadedParallel,1,5,1,13903
com.mycompany.imagej.ops.parallel.ThreadedParallel,3,5,1,13656
com.mycompany.imagej.ops.parallel.ThreadedParallel,0,5,1,14008
com.mycompany.imagej.ops.parallel.ThreadedParallel,4,5,1,14393
com.mycompany.imagej.ops.parallel.ThreadedParallel,2,5,1,14634
barrier,2,5,1,0
barrier,4,5,1,60
barrier,0,5,1,430
barrier,3,5,1,463
barrier,1,5,1,572
gather,4,5,1,593
gather,2,5,1,607
com.mycompany.imagej.ops.parallel.Parallel,4,5,1,15095
com.mycompany.imagej.ops.parallel.Parallel,2,5,1,15285
net.imagej.ops.Ops.Filter.Max,4,5,1,15132
net.imagej.ops.Ops.Filter.Max,2,5,1,15322
total_op,4,5,1,15483
total_op,2,5,1,15582
gather,0,5,1,758
gather,3,5,1,751
gather,1,5,1,751
com.mycompany.imagej.ops.parallel.Parallel,0,5,1,15273
com.mycompany.imagej.ops.parallel.Parallel,3,5,1,14969
com.mycompany.imagej.ops.parallel.Parallel,1,5,1,15329
net.imagej.ops.Ops.Filter.Max,0,5,1,15330
net.imagej.ops.Ops.Filter.Max,3,5,1,15026
net.imagej.ops.Ops.Filter.Max,1,5,1,15387
total_op,0,5,1,15745
total_op,3,5,1,15372
total_op,1,5,1,15664
net.imagej.ops.Ops.Create.Img,2,5,2,372
net.imagej.ops.Ops.Create.Img,4,5,2,387
net.imagej.ops.Ops.Create.Img,3,5,2,320
net.imagej.ops.Ops.Create.Img,0,5,2,378
net.imagej.ops.Ops.Create.Img,1,5,2,383
com.mycompany.imagej.ops.parallel.ThreadedParallel,1,5,2,13721
com.mycompany.imagej.ops.parallel.ThreadedParallel,4,5,2,14185
com.mycompany.imagej.ops.parallel.ThreadedParallel,0,5,2,14265
com.mycompany.imagej.ops.parallel.ThreadedParallel,2,5,2,14606
com.mycompany.imagej.ops.parallel.ThreadedParallel,3,5,2,14541
barrier,3,5,2,0
barrier,0,5,2,232
barrier,4,5,2,548
barrier,2,5,2,140
barrier,1,5,2,758
gather,4,5,2,572
gather,2,5,2,565
com.mycompany.imagej.ops.parallel.Parallel,4,5,2,15369
com.mycompany.imagej.ops.parallel.Parallel,2,5,2,15394
net.imagej.ops.Ops.Filter.Max,4,5,2,15406
net.imagej.ops.Ops.Filter.Max,2,5,2,15430
total_op,4,5,2,15848
total_op,2,5,2,15848
gather,0,5,2,692
com.mycompany.imagej.ops.parallel.Parallel,0,5,2,15241
net.imagej.ops.Ops.Filter.Max,0,5,2,15256
total_op,0,5,2,15658
gather,3,5,2,761
com.mycompany.imagej.ops.parallel.Parallel,3,5,2,15339
net.imagej.ops.Ops.Filter.Max,3,5,2,15353
total_op,3,5,2,15699
gather,1,5,2,740
com.mycompany.imagej.ops.parallel.Parallel,1,5,2,15294
net.imagej.ops.Ops.Filter.Max,1,5,2,15308
total_op,1,5,2,15717
net.imagej.ops.Ops.Create.Img,4,5,3,223
net.imagej.ops.Ops.Create.Img,0,5,3,200
net.imagej.ops.Ops.Create.Img,2,5,3,243
net.imagej.ops.Ops.Create.Img,3,5,3,257
net.imagej.ops.Ops.Create.Img,1,5,3,224
com.mycompany.imagej.ops.parallel.ThreadedParallel,1,5,3,13752
com.mycompany.imagej.ops.parallel.ThreadedParallel,3,5,3,13964
com.mycompany.imagej.ops.parallel.ThreadedParallel,0,5,3,14394
com.mycompany.imagej.ops.parallel.ThreadedParallel,4,5,3,14435
com.mycompany.imagej.ops.parallel.ThreadedParallel,2,5,3,14470
barrier,2,5,3,0
barrier,0,5,3,93
barrier,4,5,3,64
barrier,1,5,3,572
barrier,3,5,3,408
gather,4,5,3,712
com.mycompany.imagej.ops.parallel.Parallel,4,5,3,15281
net.imagej.ops.Ops.Filter.Max,4,5,3,15293
total_op,4,5,3,15541
gather,2,5,3,813
com.mycompany.imagej.ops.parallel.Parallel,2,5,3,15316
net.imagej.ops.Ops.Filter.Max,2,5,3,15327
total_op,2,5,3,15595
gather,0,5,3,817
com.mycompany.imagej.ops.parallel.Parallel,0,5,3,15360
net.imagej.ops.Ops.Filter.Max,0,5,3,15370
total_op,0,5,3,15595
gather,3,5,3,878
gather,1,5,3,895
com.mycompany.imagej.ops.parallel.Parallel,3,5,3,15347
net.imagej.ops.Ops.Create.Img,4,5,4,198
com.mycompany.imagej.ops.parallel.Parallel,1,5,3,15298
net.imagej.ops.Ops.Filter.Max,3,5,3,15387
net.imagej.ops.Ops.Filter.Max,1,5,3,15399
net.imagej.ops.Ops.Create.Img,2,5,4,181
total_op,3,5,3,15712
total_op,1,5,3,15694
net.imagej.ops.Ops.Create.Img,0,5,4,211
net.imagej.ops.Ops.Create.Img,3,5,4,202
net.imagej.ops.Ops.Create.Img,1,5,4,225
com.mycompany.imagej.ops.parallel.ThreadedParallel,1,5,4,14037
com.mycompany.imagej.ops.parallel.ThreadedParallel,4,5,4,14647
com.mycompany.imagej.ops.parallel.ThreadedParallel,3,5,4,14367
com.mycompany.imagej.ops.parallel.ThreadedParallel,0,5,4,14581
com.mycompany.imagej.ops.parallel.ThreadedParallel,2,5,4,14808
barrier,2,5,4,0
barrier,3,5,4,202
barrier,4,5,4,217
barrier,1,5,4,506
barrier,0,5,4,180
gather,2,5,4,611
com.mycompany.imagej.ops.parallel.Parallel,2,5,4,15458
net.imagej.ops.Ops.Filter.Max,2,5,4,15468
total_op,2,5,4,15695
gather,4,5,4,609
com.mycompany.imagej.ops.parallel.Parallel,4,5,4,15534
net.imagej.ops.Ops.Filter.Max,4,5,4,15544
total_op,4,5,4,15783
gather,0,5,4,642
com.mycompany.imagej.ops.parallel.Parallel,0,5,4,15495
net.imagej.ops.Ops.Filter.Max,0,5,4,15505
total_op,0,5,4,15753
gather,3,5,4,727
gather,1,5,4,703
com.mycompany.imagej.ops.parallel.Parallel,3,5,4,15347
com.mycompany.imagej.ops.parallel.Parallel,1,5,4,15319
net.imagej.ops.Ops.Filter.Max,3,5,4,15386
net.imagej.ops.Ops.Filter.Max,1,5,4,15358
total_op,3,5,4,15640
total_op,1,5,4,15640
write,0,5,5,9007
read,3,4,0,3536
read,1,4,0,3546
read,2,4,0,3585
read,0,4,0,3616
net.imagej.ops.Ops.Create.Img,2,4,0,366
net.imagej.ops.Ops.Create.Img,1,4,0,405
net.imagej.ops.Ops.Create.Img,3,4,0,441
net.imagej.ops.Ops.Create.Img,0,4,0,420
com.mycompany.imagej.ops.parallel.ThreadedParallel,0,4,0,17982
com.mycompany.imagej.ops.parallel.ThreadedParallel,2,4,0,18206
com.mycompany.imagej.ops.parallel.ThreadedParallel,1,4,0,18786
com.mycompany.imagej.ops.parallel.ThreadedParallel,3,4,0,18838
barrier,3,4,0,12
barrier,1,4,0,86
barrier,0,4,0,819
barrier,2,4,0,671
gather,2,4,0,789
com.mycompany.imagej.ops.parallel.Parallel,2,4,0,19739
net.imagej.ops.Ops.Filter.Max,2,4,0,19774
total_op,2,4,0,20190
gather,1,4,0,851
com.mycompany.imagej.ops.parallel.Parallel,1,4,0,19771
net.imagej.ops.Ops.Filter.Max,1,4,0,19806
total_op,1,4,0,20272
gather,3,4,0,894
com.mycompany.imagej.ops.parallel.Parallel,3,4,0,19788
net.imagej.ops.Ops.Filter.Max,3,4,0,19824
total_op,3,4,0,20325
net.imagej.ops.Ops.Create.Img,1,4,1,196
net.imagej.ops.Ops.Create.Img,3,4,1,203
net.imagej.ops.Ops.Create.Img,2,4,1,284
gather,0,4,0,1121
com.mycompany.imagej.ops.parallel.Parallel,0,4,0,19981
net.imagej.ops.Ops.Filter.Max,0,4,0,20018
total_op,0,4,0,20488
net.imagej.ops.Ops.Create.Img,0,4,1,302
com.mycompany.imagej.ops.parallel.ThreadedParallel,2,4,1,17065
com.mycompany.imagej.ops.parallel.ThreadedParallel,1,4,1,17226
com.mycompany.imagej.ops.parallel.ThreadedParallel,3,4,1,17481
com.mycompany.imagej.ops.parallel.ThreadedParallel,0,4,1,18395
barrier,0,4,1,0
barrier,3,4,1,1168
barrier,2,4,1,1662
barrier,1,4,1,1448
gather,3,4,1,632
gather,1,4,1,614
com.mycompany.imagej.ops.parallel.Parallel,3,4,1,19334
gather,2,4,1,638
gather,0,4,1,671
com.mycompany.imagej.ops.parallel.Parallel,1,4,1,19371
net.imagej.ops.Ops.Filter.Max,3,4,1,19464
com.mycompany.imagej.ops.parallel.Parallel,2,4,1,19448
com.mycompany.imagej.ops.parallel.Parallel,0,4,1,19138
net.imagej.ops.Ops.Filter.Max,1,4,1,19444
total_op,3,4,1,19752
net.imagej.ops.Ops.Filter.Max,2,4,1,19522
net.imagej.ops.Ops.Filter.Max,0,4,1,19224
total_op,1,4,1,19843
total_op,2,4,1,19915
total_op,0,4,1,19592
net.imagej.ops.Ops.Create.Img,3,4,2,208
net.imagej.ops.Ops.Create.Img,0,4,2,238
net.imagej.ops.Ops.Create.Img,2,4,2,284
net.imagej.ops.Ops.Create.Img,1,4,2,321
com.mycompany.imagej.ops.parallel.ThreadedParallel,1,4,2,17372
com.mycompany.imagej.ops.parallel.ThreadedParallel,0,4,2,17543
com.mycompany.imagej.ops.parallel.ThreadedParallel,2,4,2,17763
com.mycompany.imagej.ops.parallel.ThreadedParallel,3,4,2,18318
barrier,3,4,2,0
barrier,0,4,2,680
barrier,2,4,2,387
barrier,1,4,2,808
gather,3,4,2,633
gather,2,4,2,614
com.mycompany.imagej.ops.parallel.Parallel,3,4,2,18990
gather,0,4,2,639
gather,1,4,2,617
com.mycompany.imagej.ops.parallel.Parallel,2,4,2,18874
net.imagej.ops.Ops.Filter.Max,3,4,2,19032
com.mycompany.imagej.ops.parallel.Parallel,0,4,2,18937
com.mycompany.imagej.ops.parallel.Parallel,1,4,2,18894
net.imagej.ops.Ops.Filter.Max,2,4,2,18943
total_op,3,4,2,19319
net.imagej.ops.Ops.Filter.Max,0,4,2,19006
net.imagej.ops.Ops.Filter.Max,1,4,2,18968
total_op,2,4,2,19314
total_op,0,4,2,19328
total_op,1,4,2,19368
net.imagej.ops.Ops.Create.Img,3,4,3,221
net.imagej.ops.Ops.Create.Img,2,4,3,205
net.imagej.ops.Ops.Create.Img,1,4,3,199
net.imagej.ops.Ops.Create.Img,0,4,3,246
com.mycompany.imagej.ops.parallel.ThreadedParallel,2,4,3,17247
com.mycompany.imagej.ops.parallel.ThreadedParallel,3,4,3,17583
com.mycompany.imagej.ops.parallel.ThreadedParallel,0,4,3,17545
com.mycompany.imagej.ops.parallel.ThreadedParallel,1,4,3,17647
barrier,1,4,3,0
barrier,0,4,3,69
barrier,2,4,3,428
barrier,3,4,3,108
gather,2,4,3,796
com.mycompany.imagej.ops.parallel.Parallel,2,4,3,18531
net.imagej.ops.Ops.Filter.Max,2,4,3,18541
total_op,2,4,3,18773
gather,0,4,3,911
gather,1,4,3,936
com.mycompany.imagej.ops.parallel.Parallel,0,4,3,18576
com.mycompany.imagej.ops.parallel.Parallel,1,4,3,18627
gather,3,4,3,914
net.imagej.ops.Ops.Filter.Max,0,4,3,18617
net.imagej.ops.Ops.Filter.Max,1,4,3,18667
com.mycompany.imagej.ops.parallel.Parallel,3,4,3,18718
total_op,0,4,3,18929
total_op,1,4,3,18930
net.imagej.ops.Ops.Filter.Max,3,4,3,18770
net.imagej.ops.Ops.Create.Img,2,4,4,229
total_op,3,4,3,19058
net.imagej.ops.Ops.Create.Img,1,4,4,182
net.imagej.ops.Ops.Create.Img,0,4,4,204
net.imagej.ops.Ops.Create.Img,3,4,4,192
com.mycompany.imagej.ops.parallel.ThreadedParallel,2,4,4,17043
com.mycompany.imagej.ops.parallel.ThreadedParallel,1,4,4,17119
com.mycompany.imagej.ops.parallel.ThreadedParallel,3,4,4,17598
com.mycompany.imagej.ops.parallel.ThreadedParallel,0,4,4,17683
barrier,0,4,4,0
barrier,2,4,4,837
barrier,3,4,4,47
barrier,1,4,4,580
gather,2,4,4,627
gather,0,4,4,647
gather,1,4,4,609
gather,3,4,4,624
com.mycompany.imagej.ops.parallel.Parallel,2,4,4,18550
com.mycompany.imagej.ops.parallel.Parallel,0,4,4,18375
com.mycompany.imagej.ops.parallel.Parallel,1,4,4,18404
com.mycompany.imagej.ops.parallel.Parallel,3,4,4,18367
net.imagej.ops.Ops.Filter.Max,2,4,4,18616
net.imagej.ops.Ops.Filter.Max,0,4,4,18440
net.imagej.ops.Ops.Filter.Max,1,4,4,18468
net.imagej.ops.Ops.Filter.Max,3,4,4,18432
total_op,2,4,4,18933
total_op,0,4,4,18732
total_op,1,4,4,18732
total_op,3,4,4,18702
write,0,4,5,9122
read,2,3,0,3505
read,1,3,0,3535
net.imagej.ops.Ops.Create.Img,2,3,0,407
net.imagej.ops.Ops.Create.Img,1,3,0,407
read,0,3,0,3985
net.imagej.ops.Ops.Create.Img,0,3,0,419
com.mycompany.imagej.ops.parallel.ThreadedParallel,1,3,0,23574
com.mycompany.imagej.ops.parallel.ThreadedParallel,0,3,0,23370
com.mycompany.imagej.ops.parallel.ThreadedParallel,2,3,0,24625
barrier,1,3,0,1048
barrier,2,3,0,30
barrier,0,3,0,782
gather,2,3,0,853
com.mycompany.imagej.ops.parallel.Parallel,2,3,0,25565
net.imagej.ops.Ops.Filter.Max,2,3,0,25601
total_op,2,3,0,26056
gather,0,3,0,859
com.mycompany.imagej.ops.parallel.Parallel,0,3,0,25083
net.imagej.ops.Ops.Filter.Max,0,3,0,25118
total_op,0,3,0,25570
gather,1,3,0,1020
com.mycompany.imagej.ops.parallel.Parallel,1,3,0,25692
net.imagej.ops.Ops.Filter.Max,1,3,0,25727
total_op,1,3,0,26178
net.imagej.ops.Ops.Create.Img,2,3,1,203
net.imagej.ops.Ops.Create.Img,0,3,1,193
net.imagej.ops.Ops.Create.Img,1,3,1,210
com.mycompany.imagej.ops.parallel.ThreadedParallel,1,3,1,23191
com.mycompany.imagej.ops.parallel.ThreadedParallel,2,3,1,23924
com.mycompany.imagej.ops.parallel.ThreadedParallel,0,3,1,24220
barrier,0,3,1,0
barrier,1,3,1,890
barrier,2,3,1,313
gather,2,3,1,607
gather,0,3,1,635
com.mycompany.imagej.ops.parallel.Parallel,2,3,1,24891
gather,1,3,1,621
com.mycompany.imagej.ops.parallel.Parallel,0,3,1,24893
net.imagej.ops.Ops.Filter.Max,2,3,1,24936
com.mycompany.imagej.ops.parallel.Parallel,1,3,1,24766
net.imagej.ops.Ops.Filter.Max,0,3,1,24949
total_op,2,3,1,25203
net.imagej.ops.Ops.Filter.Max,1,3,1,24821
total_op,0,3,1,25209
total_op,1,3,1,25096
net.imagej.ops.Ops.Create.Img,0,3,2,241
net.imagej.ops.Ops.Create.Img,1,3,2,254
net.imagej.ops.Ops.Create.Img,2,3,2,319
com.mycompany.imagej.ops.parallel.ThreadedParallel,1,3,2,22861
com.mycompany.imagej.ops.parallel.ThreadedParallel,0,3,2,23375
com.mycompany.imagej.ops.parallel.ThreadedParallel,2,3,2,23899
barrier,2,3,2,0
barrier,0,3,2,572
barrier,1,3,2,1068
gather,2,3,2,621
gather,0,3,2,616
com.mycompany.imagej.ops.parallel.Parallel,2,3,2,24555
gather,1,3,2,614
com.mycompany.imagej.ops.parallel.Parallel,0,3,2,24619
net.imagej.ops.Ops.Filter.Max,2,3,2,24596
com.mycompany.imagej.ops.parallel.Parallel,1,3,2,24619
net.imagej.ops.Ops.Filter.Max,0,3,2,24674
total_op,2,3,2,24980
net.imagej.ops.Ops.Filter.Max,1,3,2,24673
total_op,0,3,2,24981
total_op,1,3,2,24993
net.imagej.ops.Ops.Create.Img,2,3,3,204
net.imagej.ops.Ops.Create.Img,1,3,3,207
net.imagej.ops.Ops.Create.Img,0,3,3,230
com.mycompany.imagej.ops.parallel.ThreadedParallel,1,3,3,22818
com.mycompany.imagej.ops.parallel.ThreadedParallel,0,3,3,23579
com.mycompany.imagej.ops.parallel.ThreadedParallel,2,3,3,24623
barrier,2,3,3,0
barrier,0,3,3,983
barrier,1,3,3,1768
gather,1,3,3,858
com.mycompany.imagej.ops.parallel.Parallel,1,3,3,25490
net.imagej.ops.Ops.Filter.Max,1,3,3,25501
total_op,1,3,3,25732
gather,0,3,3,933
com.mycompany.imagej.ops.parallel.Parallel,0,3,3,25551
net.imagej.ops.Ops.Filter.Max,0,3,3,25562
total_op,0,3,3,25822
gather,2,3,3,1036
com.mycompany.imagej.ops.parallel.Parallel,2,3,3,25697
net.imagej.ops.Ops.Filter.Max,2,3,3,25708
total_op,2,3,3,25936
net.imagej.ops.Ops.Create.Img,1,3,4,188
net.imagej.ops.Ops.Create.Img,0,3,4,233
net.imagej.ops.Ops.Create.Img,2,3,4,200
com.mycompany.imagej.ops.parallel.ThreadedParallel,0,3,4,22744
com.mycompany.imagej.ops.parallel.ThreadedParallel,1,3,4,23132
com.mycompany.imagej.ops.parallel.ThreadedParallel,2,3,4,23781
barrier,2,3,4,0
barrier,0,3,4,1097
barrier,1,3,4,823
gather,2,3,4,619
gather,0,3,4,612
com.mycompany.imagej.ops.parallel.Parallel,2,3,4,24432
gather,1,3,4,615
com.mycompany.imagej.ops.parallel.Parallel,0,3,4,24501
net.imagej.ops.Ops.Filter.Max,2,3,4,24470
com.mycompany.imagej.ops.parallel.Parallel,1,3,4,24650
net.imagej.ops.Ops.Filter.Max,0,3,4,24551
total_op,2,3,4,24735
net.imagej.ops.Ops.Filter.Max,1,3,4,24700
total_op,0,3,4,24851
total_op,1,3,4,24955
write,0,3,5,8778
read,0,2,0,3574
read,1,2,0,3592
net.imagej.ops.Ops.Create.Img,1,2,0,403
net.imagej.ops.Ops.Create.Img,0,2,0,436
com.mycompany.imagej.ops.parallel.ThreadedParallel,0,2,0,35540
com.mycompany.imagej.ops.parallel.ThreadedParallel,1,2,0,36434
barrier,1,2,0,12
barrier,0,2,0,877
gather,1,2,0,770
com.mycompany.imagej.ops.parallel.Parallel,1,2,0,37257
net.imagej.ops.Ops.Filter.Max,1,2,0,37296
total_op,1,2,0,37732
gather,0,2,0,975
net.imagej.ops.Ops.Create.Img,1,2,1,204
com.mycompany.imagej.ops.parallel.Parallel,0,2,0,37451
net.imagej.ops.Ops.Filter.Max,0,2,0,37515
total_op,0,2,0,38002
net.imagej.ops.Ops.Create.Img,0,2,1,209
com.mycompany.imagej.ops.parallel.ThreadedParallel,1,2,1,35418
com.mycompany.imagej.ops.parallel.ThreadedParallel,0,2,1,36582
barrier,0,2,1,0
barrier,1,2,1,1408
gather,0,2,1,639
gather,1,2,1,624
com.mycompany.imagej.ops.parallel.Parallel,0,2,1,37261
com.mycompany.imagej.ops.parallel.Parallel,1,2,1,37509
net.imagej.ops.Ops.Filter.Max,0,2,1,37305
net.imagej.ops.Ops.Filter.Max,1,2,1,37554
total_op,0,2,1,37553
total_op,1,2,1,37819
net.imagej.ops.Ops.Create.Img,0,2,2,296
net.imagej.ops.Ops.Create.Img,1,2,2,295
com.mycompany.imagej.ops.parallel.ThreadedParallel,1,2,2,35217
com.mycompany.imagej.ops.parallel.ThreadedParallel,0,2,2,36168
barrier,0,2,2,0
barrier,1,2,2,938
gather,0,2,2,624
gather,1,2,2,612
com.mycompany.imagej.ops.parallel.Parallel,0,2,2,36829
com.mycompany.imagej.ops.parallel.Parallel,1,2,2,36829
net.imagej.ops.Ops.Filter.Max,0,2,2,36874
net.imagej.ops.Ops.Filter.Max,1,2,2,36874
total_op,0,2,2,37225
total_op,1,2,2,37224
net.imagej.ops.Ops.Create.Img,0,2,3,203
net.imagej.ops.Ops.Create.Img,1,2,3,202
com.mycompany.imagej.ops.parallel.ThreadedParallel,0,2,3,35250
com.mycompany.imagej.ops.parallel.ThreadedParallel,1,2,3,35237
barrier,1,2,3,0
barrier,0,2,3,15
gather,1,2,3,873
gather,0,2,3,863
com.mycompany.imagej.ops.parallel.Parallel,1,2,3,36151
com.mycompany.imagej.ops.parallel.Parallel,0,2,3,36183
net.imagej.ops.Ops.Filter.Max,1,2,3,36190
net.imagej.ops.Ops.Filter.Max,0,2,3,36222
total_op,1,2,3,36448
total_op,0,2,3,36478
net.imagej.ops.Ops.Create.Img,1,2,4,186
net.imagej.ops.Ops.Create.Img,0,2,4,202
com.mycompany.imagej.ops.parallel.ThreadedParallel,0,2,4,33725
com.mycompany.imagej.ops.parallel.ThreadedParallel,1,2,4,35405
barrier,1,2,4,0
barrier,0,2,4,1665
gather,0,2,4,621
com.mycompany.imagej.ops.parallel.Parallel,0,2,4,36032
net.imagej.ops.Ops.Filter.Max,0,2,4,36042
gather,1,2,4,638
total_op,0,2,4,36270
com.mycompany.imagej.ops.parallel.Parallel,1,2,4,36081
net.imagej.ops.Ops.Filter.Max,1,2,4,36120
total_op,1,2,4,36331
write,0,2,5,9093
read,0,1,0,3503
net.imagej.ops.Ops.Create.Img,0,1,0,422
com.mycompany.imagej.ops.parallel.ThreadedParallel,0,1,0,71209
barrier,0,1,0,0
gather,0,1,0,693
com.mycompany.imagej.ops.parallel.Parallel,0,1,0,71926
net.imagej.ops.Ops.Filter.Max,0,1,0,71961
total_op,0,1,0,72415
net.imagej.ops.Ops.Create.Img,0,1,1,289
com.mycompany.imagej.ops.parallel.ThreadedParallel,0,1,1,69528
barrier,0,1,1,0
gather,0,1,1,404
com.mycompany.imagej.ops.parallel.Parallel,0,1,1,69937
net.imagej.ops.Ops.Filter.Max,0,1,1,69952
total_op,0,1,1,70252
net.imagej.ops.Ops.Create.Img,0,1,2,230
com.mycompany.imagej.ops.parallel.ThreadedParallel,0,1,2,71720
barrier,0,1,2,0
gather,0,1,2,415
com.mycompany.imagej.ops.parallel.Parallel,0,1,2,72141
net.imagej.ops.Ops.Filter.Max,0,1,2,72264
total_op,0,1,2,72503
net.imagej.ops.Ops.Create.Img,0,1,3,245
com.mycompany.imagej.ops.parallel.ThreadedParallel,0,1,3,69305
barrier,0,1,3,0
gather,0,1,3,683
com.mycompany.imagej.ops.parallel.Parallel,0,1,3,69994
net.imagej.ops.Ops.Filter.Max,0,1,3,70004
total_op,0,1,3,70260
net.imagej.ops.Ops.Create.Img,0,1,4,202
com.mycompany.imagej.ops.parallel.ThreadedParallel,0,1,4,68700
barrier,0,1,4,0
gather,0,1,4,439
com.mycompany.imagej.ops.parallel.Parallel,0,1,4,69145
net.imagej.ops.Ops.Filter.Max,0,1,4,69155
total_op,0,1,4,69366
write,0,1,5,9119
